mode: set
github.com/telleroutlook/proofctl/adapters/coq/adapter.go:31.66,32.19 1 1
github.com/telleroutlook/proofctl/adapters/coq/adapter.go:32.19,34.3 1 1
github.com/telleroutlook/proofctl/adapters/coq/adapter.go:36.2,39.21 4 1
github.com/telleroutlook/proofctl/adapters/coq/adapter.go:39.21,42.15 3 1
github.com/telleroutlook/proofctl/adapters/coq/adapter.go:42.15,43.12 1 1
github.com/telleroutlook/proofctl/adapters/coq/adapter.go:45.3,46.27 2 1
github.com/telleroutlook/proofctl/adapters/coq/adapter.go:46.27,47.12 1 1
github.com/telleroutlook/proofctl/adapters/coq/adapter.go:49.3,50.34 2 1
github.com/telleroutlook/proofctl/adapters/coq/adapter.go:53.2,53.24 1 1
github.com/telleroutlook/proofctl/adapters/coq/adapter.go:53.24,55.3 1 1
github.com/telleroutlook/proofctl/adapters/coq/adapter.go:57.2,58.30 2 1
github.com/telleroutlook/proofctl/adapters/coq/adapter.go:58.30,71.3 1 1
github.com/telleroutlook/proofctl/adapters/coq/adapter.go:73.2,87.8 1 1
github.com/telleroutlook/proofctl/adapters/isabelle/adapter.go:37.71,38.19 1 1
github.com/telleroutlook/proofctl/adapters/isabelle/adapter.go:38.19,40.3 1 1
github.com/telleroutlook/proofctl/adapters/isabelle/adapter.go:42.2,45.21 4 1
github.com/telleroutlook/proofctl/adapters/isabelle/adapter.go:45.21,48.15 3 1
github.com/telleroutlook/proofctl/adapters/isabelle/adapter.go:48.15,49.12 1 1
github.com/telleroutlook/proofctl/adapters/isabelle/adapter.go:52.3,53.15 2 1
github.com/telleroutlook/proofctl/adapters/isabelle/adapter.go:53.15,55.4 1 1
github.com/telleroutlook/proofctl/adapters/isabelle/adapter.go:56.3,56.27 1 1
github.com/telleroutlook/proofctl/adapters/isabelle/adapter.go:56.27,57.12 1 1
github.com/telleroutlook/proofctl/adapters/isabelle/adapter.go:59.3,60.34 2 1
github.com/telleroutlook/proofctl/adapters/isabelle/adapter.go:63.2,63.24 1 1
github.com/telleroutlook/proofctl/adapters/isabelle/adapter.go:63.24,65.3 1 1
github.com/telleroutlook/proofctl/adapters/isabelle/adapter.go:67.2,68.30 2 1
github.com/telleroutlook/proofctl/adapters/isabelle/adapter.go:68.30,81.3 1 1
github.com/telleroutlook/proofctl/adapters/isabelle/adapter.go:83.2,97.8 1 1
github.com/telleroutlook/proofctl/internal/config/config.go:29.39,30.6 1 1
github.com/telleroutlook/proofctl/internal/config/config.go:30.6,31.65 1 1
github.com/telleroutlook/proofctl/internal/config/config.go:31.65,33.4 1 1
github.com/telleroutlook/proofctl/internal/config/config.go:34.3,35.20 2 1
github.com/telleroutlook/proofctl/internal/config/config.go:35.20,37.4 1 1
github.com/telleroutlook/proofctl/internal/config/config.go:38.3,38.15 1 1
github.com/telleroutlook/proofctl/internal/config/config.go:43.48,46.16 3 1
github.com/telleroutlook/proofctl/internal/config/config.go:46.16,48.3 1 1
github.com/telleroutlook/proofctl/internal/config/config.go:49.2,49.15 1 1
github.com/telleroutlook/proofctl/internal/config/config.go:49.15,49.32 1 1
github.com/telleroutlook/proofctl/internal/config/config.go:50.2,53.41 4 1
github.com/telleroutlook/proofctl/internal/config/config.go:53.41,55.3 1 1
github.com/telleroutlook/proofctl/internal/config/config.go:56.2,56.18 1 1
github.com/telleroutlook/proofctl/internal/config/config.go:62.49,64.45 2 1
github.com/telleroutlook/proofctl/internal/config/config.go:64.45,66.3 1 1
github.com/telleroutlook/proofctl/internal/config/config.go:67.2,67.110 1 1
github.com/telleroutlook/proofctl/internal/config/config.go:67.110,68.49 1 1
github.com/telleroutlook/proofctl/internal/config/config.go:68.49,70.4 1 0
github.com/telleroutlook/proofctl/internal/config/config.go:72.2,80.59 5 1
github.com/telleroutlook/proofctl/internal/config/config.go:80.59,82.3 1 0
github.com/telleroutlook/proofctl/internal/config/config.go:83.2,83.12 1 1
github.com/telleroutlook/proofctl/adapters/metamath/adapter.go:25.76,26.19 1 1
github.com/telleroutlook/proofctl/adapters/metamath/adapter.go:26.19,28.3 1 1
github.com/telleroutlook/proofctl/adapters/metamath/adapter.go:30.2,31.23 2 1
github.com/telleroutlook/proofctl/adapters/metamath/adapter.go:31.23,33.3 1 1
github.com/telleroutlook/proofctl/adapters/metamath/adapter.go:35.2,37.28 3 1
github.com/telleroutlook/proofctl/adapters/metamath/adapter.go:37.28,39.18 2 1
github.com/telleroutlook/proofctl/adapters/metamath/adapter.go:39.18,40.12 1 1
github.com/telleroutlook/proofctl/adapters/metamath/adapter.go:42.3,54.5 3 1
github.com/telleroutlook/proofctl/adapters/metamath/adapter.go:57.2,72.16 2 1
github.com/telleroutlook/proofctl/adapters/metamath/adapter.go:77.41,79.26 2 1
github.com/telleroutlook/proofctl/adapters/metamath/adapter.go:79.26,81.63 1 1
github.com/telleroutlook/proofctl/adapters/metamath/adapter.go:81.63,83.4 1 1
github.com/telleroutlook/proofctl/adapters/metamath/adapter.go:83.9,85.4 1 1
github.com/telleroutlook/proofctl/adapters/metamath/adapter.go:87.2,87.21 1 1
github.com/telleroutlook/proofctl/adapters/lean/adapter.go:34.67,35.19 1 1
github.com/telleroutlook/proofctl/adapters/lean/adapter.go:35.19,37.3 1 1
github.com/telleroutlook/proofctl/adapters/lean/adapter.go:39.2,42.21 4 1
github.com/telleroutlook/proofctl/adapters/lean/adapter.go:42.21,45.15 3 1
github.com/telleroutlook/proofctl/adapters/lean/adapter.go:45.15,46.12 1 1
github.com/telleroutlook/proofctl/adapters/lean/adapter.go:48.3,49.27 2 1
github.com/telleroutlook/proofctl/adapters/lean/adapter.go:49.27,50.12 1 1
github.com/telleroutlook/proofctl/adapters/lean/adapter.go:52.3,53.34 2 1
github.com/telleroutlook/proofctl/adapters/lean/adapter.go:56.2,56.24 1 1
github.com/telleroutlook/proofctl/adapters/lean/adapter.go:56.24,58.3 1 1
github.com/telleroutlook/proofctl/adapters/lean/adapter.go:60.2,61.30 2 1
github.com/telleroutlook/proofctl/adapters/lean/adapter.go:61.30,74.3 1 1
github.com/telleroutlook/proofctl/adapters/lean/adapter.go:76.2,90.8 1 1
github.com/telleroutlook/proofctl/adapters/lrat/adapter.go:44.69,45.26 1 1
github.com/telleroutlook/proofctl/adapters/lrat/adapter.go:45.26,47.3 1 1
github.com/telleroutlook/proofctl/adapters/lrat/adapter.go:48.2,48.50 1 1
github.com/telleroutlook/proofctl/adapters/lrat/adapter.go:48.50,50.3 1 1
github.com/telleroutlook/proofctl/adapters/lrat/adapter.go:52.2,120.8 12 1
github.com/telleroutlook/proofctl/adapters/smt/adapter.go:51.72,52.26 1 1
github.com/telleroutlook/proofctl/adapters/smt/adapter.go:52.26,54.3 1 1
github.com/telleroutlook/proofctl/adapters/smt/adapter.go:55.2,55.50 1 1
github.com/telleroutlook/proofctl/adapters/smt/adapter.go:55.50,57.3 1 1
github.com/telleroutlook/proofctl/adapters/smt/adapter.go:58.2,58.62 1 1
github.com/telleroutlook/proofctl/adapters/smt/adapter.go:58.62,60.3 1 1
github.com/telleroutlook/proofctl/adapters/smt/adapter.go:62.2,124.8 11 1
github.com/telleroutlook/proofctl/adapters/qmd/adapter.go:26.43,30.2 3 1
github.com/telleroutlook/proofctl/adapters/qmd/adapter.go:38.32,44.2 1 1
github.com/telleroutlook/proofctl/adapters/qmd/adapter.go:69.70,71.57 2 1
github.com/telleroutlook/proofctl/adapters/qmd/adapter.go:71.57,73.3 1 1
github.com/telleroutlook/proofctl/adapters/qmd/adapter.go:76.2,79.56 3 1
github.com/telleroutlook/proofctl/adapters/qmd/adapter.go:79.56,81.3 1 1
github.com/telleroutlook/proofctl/adapters/qmd/adapter.go:83.2,83.44 1 1
github.com/telleroutlook/proofctl/adapters/qmd/adapter.go:87.55,89.16 2 1
github.com/telleroutlook/proofctl/adapters/qmd/adapter.go:89.16,91.3 1 1
github.com/telleroutlook/proofctl/adapters/qmd/adapter.go:92.2,93.16 2 1
github.com/telleroutlook/proofctl/adapters/qmd/adapter.go:93.16,95.3 1 0
github.com/telleroutlook/proofctl/adapters/qmd/adapter.go:96.2,98.26 3 1
github.com/telleroutlook/proofctl/adapters/qmd/adapter.go:98.26,100.3 1 0
github.com/telleroutlook/proofctl/adapters/qmd/adapter.go:101.2,101.12 1 1
github.com/telleroutlook/proofctl/adapters/qmd/adapter.go:106.65,107.27 1 1
github.com/telleroutlook/proofctl/adapters/qmd/adapter.go:107.27,108.14 1 1
github.com/telleroutlook/proofctl/adapters/qmd/adapter.go:109.14,111.18 2 1
github.com/telleroutlook/proofctl/adapters/qmd/adapter.go:111.18,113.5 1 1
github.com/telleroutlook/proofctl/adapters/qmd/adapter.go:114.4,114.20 1 1
github.com/telleroutlook/proofctl/adapters/qmd/adapter.go:114.20,116.23 1 1
github.com/telleroutlook/proofctl/adapters/qmd/adapter.go:116.23,118.6 1 1
github.com/telleroutlook/proofctl/adapters/qmd/adapter.go:121.4,121.20 1 1
github.com/telleroutlook/proofctl/adapters/qmd/adapter.go:121.20,122.53 1 1
github.com/telleroutlook/proofctl/adapters/qmd/adapter.go:122.53,124.6 1 0
github.com/telleroutlook/proofctl/adapters/qmd/adapter.go:126.17,126.17 0 1
github.com/telleroutlook/proofctl/adapters/qmd/adapter.go:128.11,128.11 0 1
github.com/telleroutlook/proofctl/adapters/qmd/adapter.go:132.2,132.12 1 1
github.com/telleroutlook/proofctl/adapters/qmd/adapter.go:143.58,146.53 2 1
github.com/telleroutlook/proofctl/adapters/qmd/adapter.go:146.53,148.3 1 0
github.com/telleroutlook/proofctl/adapters/qmd/adapter.go:150.2,151.55 2 1
github.com/telleroutlook/proofctl/adapters/qmd/adapter.go:151.55,153.3 1 0
github.com/telleroutlook/proofctl/adapters/qmd/adapter.go:155.2,156.60 2 1
github.com/telleroutlook/proofctl/adapters/qmd/adapter.go:156.60,158.3 1 0
github.com/telleroutlook/proofctl/adapters/qmd/adapter.go:160.2,161.58 2 1
github.com/telleroutlook/proofctl/adapters/qmd/adapter.go:161.58,163.3 1 0
github.com/telleroutlook/proofctl/adapters/qmd/adapter.go:164.2,165.29 2 1
github.com/telleroutlook/proofctl/adapters/qmd/adapter.go:165.29,166.21 1 1
github.com/telleroutlook/proofctl/adapters/qmd/adapter.go:166.21,168.4 1 1
github.com/telleroutlook/proofctl/adapters/qmd/adapter.go:171.2,171.57 1 1
github.com/telleroutlook/proofctl/adapters/qmd/adapter.go:178.76,181.58 2 1
github.com/telleroutlook/proofctl/adapters/qmd/adapter.go:181.58,183.3 1 1
github.com/telleroutlook/proofctl/adapters/qmd/adapter.go:185.2,186.16 2 1
github.com/telleroutlook/proofctl/adapters/qmd/adapter.go:186.16,188.3 1 0
github.com/telleroutlook/proofctl/adapters/qmd/adapter.go:190.2,191.68 2 1
github.com/telleroutlook/proofctl/adapters/qmd/adapter.go:191.68,193.3 1 0
github.com/telleroutlook/proofctl/adapters/qmd/adapter.go:196.2,197.35 2 1
github.com/telleroutlook/proofctl/adapters/qmd/adapter.go:197.35,198.21 1 1
github.com/telleroutlook/proofctl/adapters/qmd/adapter.go:198.21,200.9 2 1
github.com/telleroutlook/proofctl/adapters/qmd/adapter.go:203.2,203.14 1 1
github.com/telleroutlook/proofctl/adapters/qmd/adapter.go:203.14,205.3 1 1
github.com/telleroutlook/proofctl/adapters/qmd/adapter.go:208.2,209.16 2 1
github.com/telleroutlook/proofctl/adapters/qmd/adapter.go:209.16,211.3 1 1
github.com/telleroutlook/proofctl/adapters/qmd/adapter.go:213.2,214.56 2 1
github.com/telleroutlook/proofctl/adapters/qmd/adapter.go:214.56,215.48 1 1
github.com/telleroutlook/proofctl/adapters/qmd/adapter.go:215.48,217.18 2 1
github.com/telleroutlook/proofctl/adapters/qmd/adapter.go:217.18,219.5 1 1
github.com/telleroutlook/proofctl/adapters/qmd/adapter.go:223.2,224.64 2 1
github.com/telleroutlook/proofctl/adapters/qmd/adapter.go:224.64,225.48 1 1
github.com/telleroutlook/proofctl/adapters/qmd/adapter.go:225.48,227.18 2 1
github.com/telleroutlook/proofctl/adapters/qmd/adapter.go:227.18,229.5 1 1
github.com/telleroutlook/proofctl/adapters/qmd/adapter.go:233.2,251.32 5 1
github.com/telleroutlook/proofctl/adapters/qmd/adapter.go:255.56,256.27 1 1
github.com/telleroutlook/proofctl/adapters/qmd/adapter.go:256.27,257.20 1 1
github.com/telleroutlook/proofctl/adapters/qmd/adapter.go:257.20,259.56 2 1
github.com/telleroutlook/proofctl/adapters/qmd/adapter.go:259.56,261.5 1 0
github.com/telleroutlook/proofctl/adapters/qmd/adapter.go:262.4,262.37 1 1
github.com/telleroutlook/proofctl/adapters/qmd/adapter.go:265.2,265.11 1 1
github.com/telleroutlook/proofctl/adapters/qmd/adapter.go:270.55,272.31 2 1
github.com/telleroutlook/proofctl/adapters/qmd/adapter.go:272.31,273.17 1 1
github.com/telleroutlook/proofctl/adapters/qmd/adapter.go:274.14,276.53 2 1
github.com/telleroutlook/proofctl/adapters/qmd/adapter.go:276.53,278.5 1 1
github.com/telleroutlook/proofctl/adapters/qmd/adapter.go:279.16,280.23 1 1
github.com/telleroutlook/proofctl/adapters/qmd/adapter.go:281.33,282.23 1 1
github.com/telleroutlook/proofctl/adapters/qmd/adapter.go:283.15,286.63 2 1
github.com/telleroutlook/proofctl/adapters/qmd/adapter.go:286.63,288.62 2 1
github.com/telleroutlook/proofctl/adapters/qmd/adapter.go:288.62,290.6 1 1
github.com/telleroutlook/proofctl/adapters/qmd/adapter.go:292.15,295.63 2 1
github.com/telleroutlook/proofctl/adapters/qmd/adapter.go:295.63,297.62 2 1
github.com/telleroutlook/proofctl/adapters/qmd/adapter.go:297.62,299.6 1 1
github.com/telleroutlook/proofctl/adapters/qmd/adapter.go:303.2,303.20 1 1
github.com/telleroutlook/proofctl/adapters/weil/adapter.go:23.91,25.52 2 1
github.com/telleroutlook/proofctl/adapters/weil/adapter.go:25.52,27.3 1 0
github.com/telleroutlook/proofctl/adapters/weil/adapter.go:28.2,28.28 1 1
github.com/telleroutlook/proofctl/adapters/weil/adapter.go:28.28,30.3 1 1
github.com/telleroutlook/proofctl/adapters/weil/adapter.go:32.2,33.18 2 1
github.com/telleroutlook/proofctl/adapters/weil/adapter.go:33.18,35.3 1 1
github.com/telleroutlook/proofctl/adapters/weil/adapter.go:37.2,37.34 1 1
github.com/telleroutlook/proofctl/adapters/weil/adapter.go:40.89,43.24 3 1
github.com/telleroutlook/proofctl/adapters/weil/adapter.go:43.24,45.52 2 1
github.com/telleroutlook/proofctl/adapters/weil/adapter.go:45.52,47.4 1 1
github.com/telleroutlook/proofctl/adapters/weil/adapter.go:47.9,49.4 1 1
github.com/telleroutlook/proofctl/adapters/weil/adapter.go:51.2,51.13 1 1
github.com/telleroutlook/proofctl/internal/attestation/attestation.go:20.56,26.2 3 1
github.com/telleroutlook/proofctl/internal/attestation/attestation.go:30.49,38.16 3 1
github.com/telleroutlook/proofctl/internal/attestation/attestation.go:38.16,39.66 1 0
github.com/telleroutlook/proofctl/internal/attestation/attestation.go:41.2,42.38 2 1
github.com/telleroutlook/proofctl/internal/compile/compiler.go:19.65,20.16 1 1
github.com/telleroutlook/proofctl/internal/compile/compiler.go:21.18,22.26 1 1
github.com/telleroutlook/proofctl/internal/compile/compiler.go:23.10,24.67 1 1
github.com/telleroutlook/proofctl/internal/compile/compiler.go:29.54,34.40 4 1
github.com/telleroutlook/proofctl/internal/compile/compiler.go:34.40,36.3 1 1
github.com/telleroutlook/proofctl/internal/compile/compiler.go:39.2,39.38 1 1
github.com/telleroutlook/proofctl/internal/compile/compiler.go:39.38,41.3 1 0
github.com/telleroutlook/proofctl/internal/compile/compiler.go:43.2,43.38 1 1
github.com/telleroutlook/proofctl/internal/compile/compiler.go:43.38,45.3 1 1
github.com/telleroutlook/proofctl/internal/compile/compiler.go:46.2,46.17 1 1
github.com/telleroutlook/proofctl/internal/compile/compiler.go:50.40,52.30 2 1
github.com/telleroutlook/proofctl/internal/compile/compiler.go:52.30,53.17 1 1
github.com/telleroutlook/proofctl/internal/compile/compiler.go:53.17,55.4 1 1
github.com/telleroutlook/proofctl/internal/compile/compiler.go:56.3,56.17 1 1
github.com/telleroutlook/proofctl/internal/compile/compiler.go:56.17,58.4 1 1
github.com/telleroutlook/proofctl/internal/compile/compiler.go:59.3,59.20 1 1
github.com/telleroutlook/proofctl/internal/compile/compiler.go:63.2,63.30 1 1
github.com/telleroutlook/proofctl/internal/compile/compiler.go:63.30,64.35 1 1
github.com/telleroutlook/proofctl/internal/compile/compiler.go:64.35,65.18 1 1
github.com/telleroutlook/proofctl/internal/compile/compiler.go:65.18,67.5 1 1
github.com/telleroutlook/proofctl/internal/compile/compiler.go:72.2,73.30 2 1
github.com/telleroutlook/proofctl/internal/compile/compiler.go:73.30,74.25 1 1
github.com/telleroutlook/proofctl/internal/compile/compiler.go:74.25,75.12 1 1
github.com/telleroutlook/proofctl/internal/compile/compiler.go:77.3,77.50 1 1
github.com/telleroutlook/proofctl/internal/compile/compiler.go:77.50,78.32 1 1
github.com/telleroutlook/proofctl/internal/compile/compiler.go:78.32,81.5 1 1
github.com/telleroutlook/proofctl/internal/compile/compiler.go:82.9,84.4 1 1
github.com/telleroutlook/proofctl/internal/compile/compiler.go:89.2,89.30 1 1
github.com/telleroutlook/proofctl/internal/compile/compiler.go:89.30,91.33 2 1
github.com/telleroutlook/proofctl/internal/compile/compiler.go:91.33,93.4 1 1
github.com/telleroutlook/proofctl/internal/compile/compiler.go:94.3,94.40 1 1
github.com/telleroutlook/proofctl/internal/compile/compiler.go:94.40,95.16 1 1
github.com/telleroutlook/proofctl/internal/compile/compiler.go:95.16,97.5 1 0
github.com/telleroutlook/proofctl/internal/compile/compiler.go:98.4,98.19 1 1
github.com/telleroutlook/proofctl/internal/compile/compiler.go:98.19,100.5 1 1
github.com/telleroutlook/proofctl/internal/compile/compiler.go:103.2,103.12 1 1
github.com/telleroutlook/proofctl/internal/checker/identity.go:42.10,44.2 1 1
github.com/telleroutlook/proofctl/internal/checker/identity.go:56.10,58.2 1 1
github.com/telleroutlook/proofctl/internal/checker/identity.go:68.10,71.25 3 1
github.com/telleroutlook/proofctl/internal/checker/identity.go:71.25,74.3 2 1
github.com/telleroutlook/proofctl/internal/checker/identity.go:76.2,77.24 2 1
github.com/telleroutlook/proofctl/internal/checker/identity.go:77.24,81.3 3 1
github.com/telleroutlook/proofctl/internal/checker/identity.go:83.2,97.16 3 1
github.com/telleroutlook/proofctl/internal/checker/identity.go:97.16,98.60 1 0
github.com/telleroutlook/proofctl/internal/checker/identity.go:100.2,101.31 2 1
github.com/telleroutlook/proofctl/internal/checker/identity.go:121.44,122.17 1 1
github.com/telleroutlook/proofctl/internal/checker/identity.go:122.17,124.3 1 1
github.com/telleroutlook/proofctl/internal/checker/identity.go:125.2,125.29 1 1
github.com/telleroutlook/proofctl/internal/checker/identity.go:125.29,127.3 1 1
github.com/telleroutlook/proofctl/internal/checker/identity.go:128.2,128.34 1 1
github.com/telleroutlook/proofctl/internal/checker/identity.go:128.34,130.3 1 1
github.com/telleroutlook/proofctl/internal/checker/identity.go:132.2,132.69 1 1
github.com/telleroutlook/proofctl/internal/checker/identity.go:132.69,134.3 1 1
github.com/telleroutlook/proofctl/internal/checker/identity.go:135.2,135.52 1 1
github.com/telleroutlook/proofctl/internal/checker/identity.go:135.52,137.3 1 1
github.com/telleroutlook/proofctl/internal/checker/identity.go:138.2,138.12 1 1
github.com/telleroutlook/proofctl/internal/errors/errors.go:33.37,34.20 1 1
github.com/telleroutlook/proofctl/internal/errors/errors.go:34.20,36.3 1 1
github.com/telleroutlook/proofctl/internal/errors/errors.go:37.2,37.34 1 1
github.com/telleroutlook/proofctl/internal/errors/errors.go:41.44,43.2 1 1
github.com/telleroutlook/proofctl/internal/errors/errors.go:46.57,48.2 1 1
github.com/telleroutlook/proofctl/internal/freshness/freshness.go:16.58,18.26 2 1
github.com/telleroutlook/proofctl/internal/freshness/freshness.go:18.26,20.17 2 1
github.com/telleroutlook/proofctl/internal/freshness/freshness.go:20.17,22.4 1 1
github.com/telleroutlook/proofctl/internal/freshness/freshness.go:23.3,23.16 1 1
github.com/telleroutlook/proofctl/internal/freshness/freshness.go:25.2,25.20 1 1
github.com/telleroutlook/proofctl/internal/freshness/freshness.go:30.52,33.41 2 1
github.com/telleroutlook/proofctl/internal/freshness/freshness.go:33.41,35.14 2 1
github.com/telleroutlook/proofctl/internal/freshness/freshness.go:35.14,37.12 2 1
github.com/telleroutlook/proofctl/internal/freshness/freshness.go:39.3,39.34 1 1
github.com/telleroutlook/proofctl/internal/freshness/freshness.go:39.34,41.4 1 1
github.com/telleroutlook/proofctl/internal/freshness/freshness.go:44.2,44.26 1 1
github.com/telleroutlook/proofctl/internal/freshness/freshness.go:44.26,45.41 1 1
github.com/telleroutlook/proofctl/internal/freshness/freshness.go:45.41,47.4 1 1
github.com/telleroutlook/proofctl/internal/freshness/freshness.go:50.2,50.22 1 1
github.com/telleroutlook/proofctl/internal/freshness/freshness.go:50.22,52.29 2 1
github.com/telleroutlook/proofctl/internal/freshness/freshness.go:52.29,54.4 1 1
github.com/telleroutlook/proofctl/internal/freshness/freshness.go:55.3,55.31 1 1
github.com/telleroutlook/proofctl/internal/freshness/freshness.go:57.2,57.12 1 1
github.com/telleroutlook/proofctl/internal/freshness/freshness.go:61.46,63.16 2 1
github.com/telleroutlook/proofctl/internal/freshness/freshness.go:63.16,65.3 1 1
github.com/telleroutlook/proofctl/internal/freshness/freshness.go:66.2,66.15 1 1
github.com/telleroutlook/proofctl/internal/freshness/freshness.go:66.15,66.32 1 1
github.com/telleroutlook/proofctl/internal/freshness/freshness.go:68.2,69.41 2 1
github.com/telleroutlook/proofctl/internal/freshness/freshness.go:69.41,71.3 1 0
github.com/telleroutlook/proofctl/internal/freshness/freshness.go:72.2,72.56 1 1
github.com/telleroutlook/proofctl/internal/dag/dag.go:18.17,22.2 1 1
github.com/telleroutlook/proofctl/internal/dag/dag.go:26.43,27.49 1 1
github.com/telleroutlook/proofctl/internal/dag/dag.go:27.49,29.3 1 1
github.com/telleroutlook/proofctl/internal/dag/dag.go:30.2,30.41 1 1
github.com/telleroutlook/proofctl/internal/dag/dag.go:30.41,32.3 1 1
github.com/telleroutlook/proofctl/internal/dag/dag.go:33.2,35.12 3 1
github.com/telleroutlook/proofctl/internal/dag/dag.go:39.42,41.2 1 1
github.com/telleroutlook/proofctl/internal/dag/dag.go:44.36,46.29 2 1
github.com/telleroutlook/proofctl/internal/dag/dag.go:46.29,48.3 1 1
github.com/telleroutlook/proofctl/internal/dag/dag.go:49.2,49.12 1 1
github.com/telleroutlook/proofctl/internal/dag/dag.go:54.32,56.30 1 1
github.com/telleroutlook/proofctl/internal/dag/dag.go:56.30,57.35 1 1
github.com/telleroutlook/proofctl/internal/dag/dag.go:57.35,58.35 1 1
github.com/telleroutlook/proofctl/internal/dag/dag.go:58.35,60.5 1 1
github.com/telleroutlook/proofctl/internal/dag/dag.go:65.2,66.27 2 1
github.com/telleroutlook/proofctl/internal/dag/dag.go:66.27,68.3 1 1
github.com/telleroutlook/proofctl/internal/dag/dag.go:69.2,69.29 1 1
github.com/telleroutlook/proofctl/internal/dag/dag.go:69.29,70.35 1 1
github.com/telleroutlook/proofctl/internal/dag/dag.go:70.35,74.4 2 1
github.com/telleroutlook/proofctl/internal/dag/dag.go:78.2,78.27 1 1
github.com/telleroutlook/proofctl/internal/dag/dag.go:78.27,80.3 1 1
github.com/telleroutlook/proofctl/internal/dag/dag.go:82.2,83.32 2 1
github.com/telleroutlook/proofctl/internal/dag/dag.go:83.32,84.15 1 1
github.com/telleroutlook/proofctl/internal/dag/dag.go:84.15,86.4 1 1
github.com/telleroutlook/proofctl/internal/dag/dag.go:89.2,90.21 2 1
github.com/telleroutlook/proofctl/internal/dag/dag.go:90.21,96.31 4 1
github.com/telleroutlook/proofctl/internal/dag/dag.go:96.31,97.36 1 1
github.com/telleroutlook/proofctl/internal/dag/dag.go:97.36,98.20 1 1
github.com/telleroutlook/proofctl/internal/dag/dag.go:98.20,100.27 2 1
github.com/telleroutlook/proofctl/internal/dag/dag.go:100.27,102.7 1 1
github.com/telleroutlook/proofctl/internal/dag/dag.go:108.2,108.30 1 1
github.com/telleroutlook/proofctl/internal/dag/dag.go:108.30,110.3 1 1
github.com/telleroutlook/proofctl/internal/dag/dag.go:111.2,111.12 1 1
github.com/telleroutlook/proofctl/internal/dag/dag.go:116.52,117.32 1 1
github.com/telleroutlook/proofctl/internal/dag/dag.go:117.32,119.3 1 1
github.com/telleroutlook/proofctl/internal/dag/dag.go:120.2,124.25 5 1
github.com/telleroutlook/proofctl/internal/dag/dag.go:124.25,126.3 1 1
github.com/telleroutlook/proofctl/internal/dag/dag.go:127.2,127.17 1 1
github.com/telleroutlook/proofctl/internal/dag/dag.go:130.59,131.17 1 1
github.com/telleroutlook/proofctl/internal/dag/dag.go:131.17,133.3 1 1
github.com/telleroutlook/proofctl/internal/dag/dag.go:134.2,136.9 3 1
github.com/telleroutlook/proofctl/internal/dag/dag.go:136.9,138.3 1 0
github.com/telleroutlook/proofctl/internal/dag/dag.go:139.2,139.34 1 1
github.com/telleroutlook/proofctl/internal/dag/dag.go:139.34,141.3 1 1
github.com/telleroutlook/proofctl/internal/dag/dag.go:147.53,149.9 2 1
github.com/telleroutlook/proofctl/internal/dag/dag.go:149.9,151.3 1 1
github.com/telleroutlook/proofctl/internal/dag/dag.go:152.2,154.17 3 1
github.com/telleroutlook/proofctl/internal/dag/dag.go:159.51,160.32 1 1
github.com/telleroutlook/proofctl/internal/dag/dag.go:160.32,162.3 1 1
github.com/telleroutlook/proofctl/internal/dag/dag.go:163.2,164.31 2 1
github.com/telleroutlook/proofctl/internal/dag/dag.go:164.31,165.16 1 1
github.com/telleroutlook/proofctl/internal/dag/dag.go:165.16,166.12 1 1
github.com/telleroutlook/proofctl/internal/dag/dag.go:168.3,168.35 1 1
github.com/telleroutlook/proofctl/internal/dag/dag.go:168.35,169.17 1 1
github.com/telleroutlook/proofctl/internal/dag/dag.go:169.17,171.10 2 1
github.com/telleroutlook/proofctl/internal/dag/dag.go:175.2,176.25 2 1
github.com/telleroutlook/proofctl/internal/dag/dag.go:176.25,178.3 1 1
github.com/telleroutlook/proofctl/internal/dag/dag.go:179.2,179.17 1 1
github.com/telleroutlook/proofctl/internal/dag/dag.go:183.62,184.17 1 1
github.com/telleroutlook/proofctl/internal/dag/dag.go:184.17,186.3 1 1
github.com/telleroutlook/proofctl/internal/dag/dag.go:187.2,188.31 2 1
github.com/telleroutlook/proofctl/internal/dag/dag.go:188.31,189.16 1 1
github.com/telleroutlook/proofctl/internal/dag/dag.go:189.16,190.12 1 1
github.com/telleroutlook/proofctl/internal/dag/dag.go:192.3,192.35 1 1
github.com/telleroutlook/proofctl/internal/dag/dag.go:192.35,193.17 1 1
github.com/telleroutlook/proofctl/internal/dag/dag.go:193.17,195.10 2 1
github.com/telleroutlook/proofctl/internal/dag/dag.go:206.35,208.30 2 1
github.com/telleroutlook/proofctl/internal/dag/dag.go:208.30,210.3 1 1
github.com/telleroutlook/proofctl/internal/dag/dag.go:212.2,213.25 2 1
github.com/telleroutlook/proofctl/internal/dag/dag.go:213.25,215.34 2 1
github.com/telleroutlook/proofctl/internal/dag/dag.go:215.34,216.16 1 1
github.com/telleroutlook/proofctl/internal/dag/dag.go:216.16,218.5 1 1
github.com/telleroutlook/proofctl/internal/dag/dag.go:221.3,222.28 2 1
github.com/telleroutlook/proofctl/internal/dag/dag.go:222.28,225.33 2 1
github.com/telleroutlook/proofctl/internal/dag/dag.go:225.33,226.41 1 1
github.com/telleroutlook/proofctl/internal/dag/dag.go:226.41,227.14 1 1
github.com/telleroutlook/proofctl/internal/dag/dag.go:229.5,229.37 1 1
github.com/telleroutlook/proofctl/internal/dag/dag.go:229.37,230.19 1 1
github.com/telleroutlook/proofctl/internal/dag/dag.go:230.19,232.12 2 1
github.com/telleroutlook/proofctl/internal/dag/dag.go:237.3,237.33 1 1
github.com/telleroutlook/proofctl/internal/dag/dag.go:239.2,239.15 1 1
github.com/telleroutlook/proofctl/internal/dag/dag.go:243.30,244.30 1 1
github.com/telleroutlook/proofctl/internal/dag/dag.go:244.30,245.43 1 1
github.com/telleroutlook/proofctl/internal/dag/dag.go:245.43,247.4 1 1
github.com/telleroutlook/proofctl/pkg/protocol/types.go:120.38,127.2 2 1
github.com/telleroutlook/proofctl/internal/cas/cas.go:31.39,32.49 1 1
github.com/telleroutlook/proofctl/internal/cas/cas.go:32.49,34.3 1 0
github.com/telleroutlook/proofctl/internal/cas/cas.go:35.2,35.32 1 1
github.com/telleroutlook/proofctl/internal/cas/cas.go:40.75,43.16 2 1
github.com/telleroutlook/proofctl/internal/cas/cas.go:43.16,45.3 1 1
github.com/telleroutlook/proofctl/internal/cas/cas.go:46.2,47.15 2 1
github.com/telleroutlook/proofctl/internal/cas/cas.go:47.15,49.17 1 1
github.com/telleroutlook/proofctl/internal/cas/cas.go:49.17,51.4 1 0
github.com/telleroutlook/proofctl/internal/cas/cas.go:54.2,57.61 4 1
github.com/telleroutlook/proofctl/internal/cas/cas.go:57.61,59.3 1 0
github.com/telleroutlook/proofctl/internal/cas/cas.go:60.2,61.20 2 1
github.com/telleroutlook/proofctl/internal/cas/cas.go:61.20,63.3 1 0
github.com/telleroutlook/proofctl/internal/cas/cas.go:65.2,70.69 5 1
github.com/telleroutlook/proofctl/internal/cas/cas.go:70.69,73.3 2 0
github.com/telleroutlook/proofctl/internal/cas/cas.go:76.2,76.53 1 1
github.com/telleroutlook/proofctl/internal/cas/cas.go:76.53,79.3 2 1
github.com/telleroutlook/proofctl/internal/cas/cas.go:81.2,81.65 1 1
github.com/telleroutlook/proofctl/internal/cas/cas.go:81.65,84.3 2 0
github.com/telleroutlook/proofctl/internal/cas/cas.go:85.2,85.26 1 1
github.com/telleroutlook/proofctl/internal/cas/cas.go:89.60,91.16 2 1
github.com/telleroutlook/proofctl/internal/cas/cas.go:91.16,93.3 1 1
github.com/telleroutlook/proofctl/internal/cas/cas.go:94.2,95.55 2 1
github.com/telleroutlook/proofctl/internal/cas/cas.go:95.55,97.3 1 1
github.com/telleroutlook/proofctl/internal/cas/cas.go:98.2,99.16 2 1
github.com/telleroutlook/proofctl/internal/cas/cas.go:99.16,101.3 1 1
github.com/telleroutlook/proofctl/internal/cas/cas.go:102.2,102.15 1 1
github.com/telleroutlook/proofctl/internal/cas/cas.go:107.58,109.16 2 1
github.com/telleroutlook/proofctl/internal/cas/cas.go:109.16,111.3 1 0
github.com/telleroutlook/proofctl/internal/cas/cas.go:113.2,114.55 2 1
github.com/telleroutlook/proofctl/internal/cas/cas.go:114.55,116.3 1 1
github.com/telleroutlook/proofctl/internal/cas/cas.go:118.2,119.16 2 1
github.com/telleroutlook/proofctl/internal/cas/cas.go:119.16,121.3 1 0
github.com/telleroutlook/proofctl/internal/cas/cas.go:122.2,122.15 1 1
github.com/telleroutlook/proofctl/internal/cas/cas.go:122.15,122.32 1 1
github.com/telleroutlook/proofctl/internal/cas/cas.go:124.2,125.16 2 1
github.com/telleroutlook/proofctl/internal/cas/cas.go:125.16,127.3 1 0
github.com/telleroutlook/proofctl/internal/cas/cas.go:128.2,128.30 1 1
github.com/telleroutlook/proofctl/internal/cas/cas.go:128.30,131.3 1 1
github.com/telleroutlook/proofctl/internal/cas/cas.go:133.2,134.41 2 1
github.com/telleroutlook/proofctl/internal/cas/cas.go:134.41,136.3 1 0
github.com/telleroutlook/proofctl/internal/cas/cas.go:137.2,138.24 2 1
github.com/telleroutlook/proofctl/internal/cas/cas.go:138.24,140.3 1 0
github.com/telleroutlook/proofctl/internal/cas/cas.go:141.2,141.12 1 1
github.com/telleroutlook/proofctl/internal/cas/cas.go:145.51,147.2 1 1
github.com/telleroutlook/proofctl/internal/cas/cas.go:152.49,154.12 2 1
github.com/telleroutlook/proofctl/internal/cas/cas.go:154.12,156.3 1 1
github.com/telleroutlook/proofctl/internal/cas/cas.go:157.2,157.35 1 1
github.com/telleroutlook/proofctl/internal/cas/cas.go:157.35,159.3 1 1
github.com/telleroutlook/proofctl/internal/cas/cas.go:160.2,160.17 1 1
github.com/telleroutlook/proofctl/internal/cas/cas.go:167.59,169.16 2 1
github.com/telleroutlook/proofctl/internal/cas/cas.go:169.16,172.3 1 1
github.com/telleroutlook/proofctl/internal/cas/cas.go:173.2,174.16 2 1
github.com/telleroutlook/proofctl/internal/cas/cas.go:174.16,176.3 1 0
github.com/telleroutlook/proofctl/internal/cas/cas.go:177.2,178.48 2 1
github.com/telleroutlook/proofctl/internal/cas/cas.go:178.48,180.3 1 1
github.com/telleroutlook/proofctl/internal/cas/cas.go:181.2,181.12 1 1
github.com/telleroutlook/proofctl/internal/scaffold/scaffold.go:110.42,111.33 1 1
github.com/telleroutlook/proofctl/internal/scaffold/scaffold.go:111.33,112.21 1 1
github.com/telleroutlook/proofctl/internal/scaffold/scaffold.go:112.21,114.4 1 1
github.com/telleroutlook/proofctl/internal/scaffold/scaffold.go:116.2,116.126 1 1
github.com/telleroutlook/proofctl/internal/scaffold/scaffold.go:127.40,128.27 1 1
github.com/telleroutlook/proofctl/internal/scaffold/scaffold.go:128.27,129.76 1 1
github.com/telleroutlook/proofctl/internal/scaffold/scaffold.go:129.76,131.4 1 1
github.com/telleroutlook/proofctl/internal/scaffold/scaffold.go:133.2,133.28 1 1
github.com/telleroutlook/proofctl/internal/scaffold/scaffold.go:133.28,135.74 2 1
github.com/telleroutlook/proofctl/internal/scaffold/scaffold.go:135.74,137.4 1 1
github.com/telleroutlook/proofctl/internal/scaffold/scaffold.go:139.2,139.23 1 1
github.com/telleroutlook/proofctl/internal/scaffold/scaffold.go:139.23,140.56 1 1
github.com/telleroutlook/proofctl/internal/scaffold/scaffold.go:140.56,142.4 1 0
github.com/telleroutlook/proofctl/internal/scaffold/scaffold.go:144.2,144.21 1 1
github.com/telleroutlook/proofctl/internal/scaffold/scaffold.go:144.21,145.50 1 1
github.com/telleroutlook/proofctl/internal/scaffold/scaffold.go:145.50,147.4 1 0
github.com/telleroutlook/proofctl/internal/scaffold/scaffold.go:149.2,149.41 1 1
github.com/telleroutlook/proofctl/internal/scaffold/scaffold.go:149.41,150.55 1 1
github.com/telleroutlook/proofctl/internal/scaffold/scaffold.go:150.55,152.4 1 0
github.com/telleroutlook/proofctl/internal/scaffold/scaffold.go:154.2,154.12 1 1
github.com/telleroutlook/proofctl/internal/scaffold/scaffold.go:159.34,160.28 1 1
github.com/telleroutlook/proofctl/internal/scaffold/scaffold.go:160.28,162.3 1 1
github.com/telleroutlook/proofctl/internal/scaffold/scaffold.go:163.2,163.53 1 1
github.com/telleroutlook/proofctl/internal/scaffold/scaffold.go:169.49,171.44 2 1
github.com/telleroutlook/proofctl/internal/scaffold/scaffold.go:171.44,173.3 1 1
github.com/telleroutlook/proofctl/internal/scaffold/scaffold.go:174.2,174.66 1 1
github.com/telleroutlook/proofctl/internal/scaffold/scaffold.go:174.66,176.3 1 0
github.com/telleroutlook/proofctl/internal/scaffold/scaffold.go:177.2,178.16 2 1
github.com/telleroutlook/proofctl/internal/scaffold/scaffold.go:178.16,180.3 1 1
github.com/telleroutlook/proofctl/internal/scaffold/scaffold.go:181.2,181.59 1 1
github.com/telleroutlook/proofctl/internal/scaffold/scaffold.go:181.59,183.3 1 0
github.com/telleroutlook/proofctl/internal/scaffold/scaffold.go:184.2,184.12 1 1
github.com/telleroutlook/proofctl/internal/scaffold/scaffold.go:188.44,189.84 1 1
github.com/telleroutlook/proofctl/internal/scaffold/scaffold.go:189.84,191.62 1 1
github.com/telleroutlook/proofctl/internal/scaffold/scaffold.go:191.62,193.4 1 0
github.com/telleroutlook/proofctl/internal/scaffold/scaffold.go:195.2,195.12 1 1
github.com/telleroutlook/proofctl/internal/scaffold/scaffold.go:200.42,202.44 2 1
github.com/telleroutlook/proofctl/internal/scaffold/scaffold.go:202.44,204.3 1 1
github.com/telleroutlook/proofctl/internal/scaffold/scaffold.go:205.2,205.76 1 1
github.com/telleroutlook/proofctl/internal/scaffold/scaffold.go:205.76,207.3 1 0
github.com/telleroutlook/proofctl/internal/scaffold/scaffold.go:208.2,209.16 2 1
github.com/telleroutlook/proofctl/internal/scaffold/scaffold.go:209.16,211.3 1 0
github.com/telleroutlook/proofctl/internal/scaffold/scaffold.go:212.2,212.59 1 1
github.com/telleroutlook/proofctl/internal/scaffold/scaffold.go:212.59,214.3 1 0
github.com/telleroutlook/proofctl/internal/scaffold/scaffold.go:215.2,215.12 1 1
github.com/telleroutlook/proofctl/internal/ir/canonical.go:16.43,19.16 2 1
github.com/telleroutlook/proofctl/internal/ir/canonical.go:19.16,21.3 1 0
github.com/telleroutlook/proofctl/internal/ir/canonical.go:22.2,22.26 1 1
github.com/telleroutlook/proofctl/internal/ir/canonical.go:26.38,28.16 2 1
github.com/telleroutlook/proofctl/internal/ir/canonical.go:28.16,30.3 1 0
github.com/telleroutlook/proofctl/internal/ir/canonical.go:31.2,32.52 2 1
github.com/telleroutlook/proofctl/internal/ir/canonical.go:36.42,39.2 2 1
github.com/telleroutlook/proofctl/internal/ir/canonical.go:42.47,46.39 4 1
github.com/telleroutlook/proofctl/internal/ir/canonical.go:46.39,48.3 1 0
github.com/telleroutlook/proofctl/internal/ir/canonical.go:49.2,50.29 2 1
github.com/telleroutlook/proofctl/internal/ir/canonical.go:53.27,54.25 1 1
github.com/telleroutlook/proofctl/internal/ir/canonical.go:55.22,57.22 2 1
github.com/telleroutlook/proofctl/internal/ir/canonical.go:57.22,59.4 1 1
github.com/telleroutlook/proofctl/internal/ir/canonical.go:60.3,62.26 3 1
github.com/telleroutlook/proofctl/internal/ir/canonical.go:62.26,64.4 1 1
github.com/telleroutlook/proofctl/internal/ir/canonical.go:65.3,65.13 1 1
github.com/telleroutlook/proofctl/internal/ir/canonical.go:66.13,67.28 1 1
github.com/telleroutlook/proofctl/internal/ir/canonical.go:67.28,69.4 1 1
github.com/telleroutlook/proofctl/internal/ir/canonical.go:70.3,70.13 1 1
github.com/telleroutlook/proofctl/internal/ir/canonical.go:71.10,72.11 1 1
github.com/telleroutlook/proofctl/internal/ir/decode.go:35.50,41.16 4 1
github.com/telleroutlook/proofctl/internal/ir/decode.go:41.16,43.3 1 0
github.com/telleroutlook/proofctl/internal/ir/decode.go:44.2,44.30 1 1
github.com/telleroutlook/proofctl/internal/ir/decode.go:44.30,46.3 1 0
github.com/telleroutlook/proofctl/internal/ir/decode.go:49.2,49.48 1 1
github.com/telleroutlook/proofctl/internal/ir/decode.go:49.48,51.3 1 1
github.com/telleroutlook/proofctl/internal/ir/decode.go:54.2,57.39 4 1
github.com/telleroutlook/proofctl/internal/ir/decode.go:57.39,59.3 1 1
github.com/telleroutlook/proofctl/internal/ir/decode.go:61.2,62.49 2 1
github.com/telleroutlook/proofctl/internal/ir/decode.go:62.49,64.3 1 1
github.com/telleroutlook/proofctl/internal/ir/decode.go:65.2,65.15 1 1
github.com/telleroutlook/proofctl/internal/ir/decode.go:70.44,75.2 4 1
github.com/telleroutlook/proofctl/internal/ir/decode.go:79.55,81.16 2 1
github.com/telleroutlook/proofctl/internal/ir/decode.go:81.16,83.3 1 1
github.com/telleroutlook/proofctl/internal/ir/decode.go:85.2,86.9 2 1
github.com/telleroutlook/proofctl/internal/ir/decode.go:86.9,89.3 1 1
github.com/telleroutlook/proofctl/internal/ir/decode.go:91.2,91.15 1 1
github.com/telleroutlook/proofctl/internal/ir/decode.go:92.11,93.30 1 1
github.com/telleroutlook/proofctl/internal/ir/decode.go:94.11,95.29 1 1
github.com/telleroutlook/proofctl/internal/ir/decode.go:98.2,98.17 1 0
github.com/telleroutlook/proofctl/internal/ir/decode.go:103.42,105.17 2 1
github.com/telleroutlook/proofctl/internal/ir/decode.go:105.17,108.17 2 1
github.com/telleroutlook/proofctl/internal/ir/decode.go:108.17,110.4 1 1
github.com/telleroutlook/proofctl/internal/ir/decode.go:111.3,112.10 2 1
github.com/telleroutlook/proofctl/internal/ir/decode.go:112.10,114.4 1 0
github.com/telleroutlook/proofctl/internal/ir/decode.go:115.3,115.37 1 1
github.com/telleroutlook/proofctl/internal/ir/decode.go:115.37,117.4 1 1
github.com/telleroutlook/proofctl/internal/ir/decode.go:118.3,121.43 2 1
github.com/telleroutlook/proofctl/internal/ir/decode.go:121.43,123.4 1 1
github.com/telleroutlook/proofctl/internal/ir/decode.go:126.2,126.39 1 1
github.com/telleroutlook/proofctl/internal/ir/decode.go:126.39,128.3 1 1
github.com/telleroutlook/proofctl/internal/ir/decode.go:129.2,129.12 1 1
github.com/telleroutlook/proofctl/internal/ir/decode.go:133.41,134.17 1 1
github.com/telleroutlook/proofctl/internal/ir/decode.go:134.17,135.43 1 1
github.com/telleroutlook/proofctl/internal/ir/decode.go:135.43,137.4 1 1
github.com/telleroutlook/proofctl/internal/ir/decode.go:140.2,140.39 1 1
github.com/telleroutlook/proofctl/internal/ir/decode.go:140.39,142.3 1 1
github.com/telleroutlook/proofctl/internal/ir/decode.go:143.2,143.12 1 1
github.com/telleroutlook/proofctl/internal/ir/decode.go:147.47,149.16 2 1
github.com/telleroutlook/proofctl/internal/ir/decode.go:149.16,151.3 1 1
github.com/telleroutlook/proofctl/internal/ir/decode.go:152.2,152.37 1 1
github.com/telleroutlook/proofctl/internal/ir/decode.go:152.37,154.3 1 0
github.com/telleroutlook/proofctl/internal/ir/decode.go:155.2,155.16 1 1
github.com/telleroutlook/proofctl/internal/ir/decode.go:159.59,161.16 2 1
github.com/telleroutlook/proofctl/internal/ir/decode.go:161.16,163.3 1 1
github.com/telleroutlook/proofctl/internal/ir/decode.go:164.2,164.16 1 1
github.com/telleroutlook/proofctl/internal/ir/decode.go:168.57,170.16 2 1
github.com/telleroutlook/proofctl/internal/ir/decode.go:170.16,172.3 1 1
github.com/telleroutlook/proofctl/internal/ir/decode.go:173.2,173.38 1 1
github.com/telleroutlook/proofctl/internal/ir/decode.go:173.38,175.3 1 1
github.com/telleroutlook/proofctl/internal/ir/decode.go:176.2,176.17 1 1
github.com/telleroutlook/proofctl/internal/ir/types.go:19.39,20.14 1 1
github.com/telleroutlook/proofctl/internal/ir/types.go:20.14,22.3 1 1
github.com/telleroutlook/proofctl/internal/ir/types.go:23.2,23.32 1 1
github.com/telleroutlook/proofctl/internal/ir/types.go:23.32,25.3 1 1
github.com/telleroutlook/proofctl/internal/ir/types.go:26.2,26.32 1 1
github.com/telleroutlook/proofctl/internal/ir/types.go:26.32,28.3 1 1
github.com/telleroutlook/proofctl/internal/ir/types.go:29.2,29.32 1 1
github.com/telleroutlook/proofctl/internal/ir/types.go:29.32,31.3 1 1
github.com/telleroutlook/proofctl/internal/ir/types.go:32.2,32.12 1 1
github.com/telleroutlook/proofctl/internal/ir/validate.go:8.34,9.45 1 1
github.com/telleroutlook/proofctl/internal/ir/validate.go:9.45,11.3 1 1
github.com/telleroutlook/proofctl/internal/ir/validate.go:12.2,12.47 1 1
github.com/telleroutlook/proofctl/internal/ir/validate.go:12.47,14.3 1 1
github.com/telleroutlook/proofctl/internal/ir/validate.go:15.2,15.39 1 1
github.com/telleroutlook/proofctl/internal/ir/validate.go:15.39,17.3 1 1
github.com/telleroutlook/proofctl/internal/ir/validate.go:18.2,18.50 1 1
github.com/telleroutlook/proofctl/internal/ir/validate.go:18.50,20.3 1 1
github.com/telleroutlook/proofctl/internal/ir/validate.go:21.2,21.12 1 1
github.com/telleroutlook/proofctl/internal/ir/validate.go:26.39,27.39 1 1
github.com/telleroutlook/proofctl/internal/ir/validate.go:27.39,29.3 1 1
github.com/telleroutlook/proofctl/internal/ir/validate.go:30.2,30.26 1 1
github.com/telleroutlook/proofctl/internal/ir/validate.go:30.26,31.48 1 1
github.com/telleroutlook/proofctl/internal/ir/validate.go:31.48,33.4 1 1
github.com/telleroutlook/proofctl/internal/ir/validate.go:35.2,35.12 1 1
github.com/telleroutlook/proofctl/internal/runner/runner.go:54.35,56.20 2 1
github.com/telleroutlook/proofctl/internal/runner/runner.go:56.20,58.3 1 1
github.com/telleroutlook/proofctl/internal/runner/runner.go:59.2,59.22 1 1
github.com/telleroutlook/proofctl/internal/runner/runner.go:59.22,61.3 1 1
github.com/telleroutlook/proofctl/internal/runner/runner.go:62.2,62.12 1 1
github.com/telleroutlook/proofctl/internal/runner/runner.go:65.35,65.55 1 1
github.com/telleroutlook/proofctl/internal/runner/runner.go:68.41,68.70 1 1
github.com/telleroutlook/proofctl/internal/runner/runner.go:71.41,71.77 1 1
github.com/telleroutlook/proofctl/internal/runner/runner.go:74.43,74.81 1 1
github.com/telleroutlook/proofctl/internal/runner/runner.go:100.112,102.18 2 1
github.com/telleroutlook/proofctl/internal/runner/runner.go:102.18,104.3 1 1
github.com/telleroutlook/proofctl/internal/runner/runner.go:105.2,105.28 1 1
github.com/telleroutlook/proofctl/internal/runner/runner.go:105.28,107.3 1 0
github.com/telleroutlook/proofctl/internal/runner/runner.go:109.2,113.19 4 1
github.com/telleroutlook/proofctl/internal/runner/runner.go:113.19,115.3 1 0
github.com/telleroutlook/proofctl/internal/runner/runner.go:121.2,123.36 3 1
github.com/telleroutlook/proofctl/internal/runner/runner.go:123.36,125.17 2 0
github.com/telleroutlook/proofctl/internal/runner/runner.go:125.17,131.4 1 0
github.com/telleroutlook/proofctl/internal/runner/runner.go:132.3,134.35 2 0
github.com/telleroutlook/proofctl/internal/runner/runner.go:135.8,137.17 2 1
github.com/telleroutlook/proofctl/internal/runner/runner.go:137.17,143.4 1 0
github.com/telleroutlook/proofctl/internal/runner/runner.go:144.3,145.25 2 1
github.com/telleroutlook/proofctl/internal/runner/runner.go:148.2,148.82 1 1
github.com/telleroutlook/proofctl/internal/runner/runner.go:148.82,154.3 1 1
github.com/telleroutlook/proofctl/internal/runner/runner.go:157.2,159.18 3 1
github.com/telleroutlook/proofctl/internal/runner/runner.go:159.18,161.3 1 1
github.com/telleroutlook/proofctl/internal/runner/runner.go:164.2,175.19 9 1
github.com/telleroutlook/proofctl/internal/runner/runner.go:175.19,177.23 1 1
github.com/telleroutlook/proofctl/internal/runner/runner.go:177.23,183.4 1 0
github.com/telleroutlook/proofctl/internal/runner/runner.go:185.3,186.34 2 1
github.com/telleroutlook/proofctl/internal/runner/runner.go:186.34,188.16 2 1
github.com/telleroutlook/proofctl/internal/runner/runner.go:189.54,190.74 1 1
github.com/telleroutlook/proofctl/internal/runner/runner.go:191.12,197.6 1 0
github.com/telleroutlook/proofctl/internal/runner/runner.go:200.3,200.125 1 0
github.com/telleroutlook/proofctl/internal/runner/runner.go:203.2,206.31 2 1
github.com/telleroutlook/proofctl/internal/runner/runner.go:206.31,213.3 1 0
github.com/telleroutlook/proofctl/internal/runner/runner.go:216.2,216.22 1 1
github.com/telleroutlook/proofctl/internal/runner/runner.go:216.22,218.24 2 0
github.com/telleroutlook/proofctl/internal/runner/runner.go:218.24,220.4 1 0
github.com/telleroutlook/proofctl/internal/runner/runner.go:221.3,226.4 1 0
github.com/telleroutlook/proofctl/internal/runner/runner.go:229.2,229.17 1 1
github.com/telleroutlook/proofctl/internal/runner/runner.go:238.54,240.20 2 1
github.com/telleroutlook/proofctl/internal/runner/runner.go:240.20,242.3 1 1
github.com/telleroutlook/proofctl/internal/runner/runner.go:243.2,243.24 1 1
github.com/telleroutlook/proofctl/internal/runner/runner.go:243.24,245.58 1 1
github.com/telleroutlook/proofctl/internal/runner/runner.go:245.58,247.4 1 0
github.com/telleroutlook/proofctl/internal/runner/runner.go:248.3,248.21 1 1
github.com/telleroutlook/proofctl/internal/runner/runner.go:250.2,250.26 1 1
github.com/telleroutlook/proofctl/internal/runner/runner.go:257.72,259.27 2 1
github.com/telleroutlook/proofctl/internal/runner/runner.go:259.27,262.13 2 1
github.com/telleroutlook/proofctl/internal/runner/runner.go:262.13,265.4 1 1
github.com/telleroutlook/proofctl/internal/runner/runner.go:265.9,267.111 1 1
github.com/telleroutlook/proofctl/internal/runner/runner.go:267.111,269.43 2 1
github.com/telleroutlook/proofctl/internal/runner/runner.go:269.43,271.6 1 1
github.com/telleroutlook/proofctl/internal/runner/runner.go:272.5,272.19 1 1
github.com/telleroutlook/proofctl/internal/runner/runner.go:274.4,274.21 1 1
github.com/telleroutlook/proofctl/internal/runner/runner.go:277.2,277.17 1 1
github.com/telleroutlook/proofctl/internal/runner/runner.go:284.60,285.81 1 1
github.com/telleroutlook/proofctl/internal/runner/runner.go:285.81,289.3 1 1
github.com/telleroutlook/proofctl/internal/runner/runner.go:290.2,291.16 2 1
github.com/telleroutlook/proofctl/internal/runner/runner.go:291.16,293.3 1 1
github.com/telleroutlook/proofctl/internal/runner/runner.go:294.2,294.15 1 1
github.com/telleroutlook/proofctl/internal/runner/runner.go:294.15,294.32 1 1
github.com/telleroutlook/proofctl/internal/runner/runner.go:295.2,296.41 2 1
github.com/telleroutlook/proofctl/internal/runner/runner.go:296.41,298.3 1 0
github.com/telleroutlook/proofctl/internal/runner/runner.go:299.2,300.27 2 1
github.com/telleroutlook/proofctl/internal/runner/runner.go:300.27,302.3 1 1
github.com/telleroutlook/proofctl/internal/runner/runner.go:303.2,303.12 1 1
github.com/telleroutlook/proofctl/internal/runner/runner.go:318.35,320.16 2 0
github.com/telleroutlook/proofctl/internal/runner/runner.go:320.16,323.70 2 0
github.com/telleroutlook/proofctl/internal/runner/runner.go:323.71,325.4 0 0
github.com/telleroutlook/proofctl/internal/runner/runner.go:325.9,325.35 1 0
github.com/telleroutlook/proofctl/internal/runner/runner.go:325.35,327.4 1 0
github.com/telleroutlook/proofctl/internal/runner/runner.go:330.2,330.42 1 0
github.com/telleroutlook/proofctl/internal/runner/runner.go:330.42,332.3 1 0
github.com/telleroutlook/proofctl/internal/runner/runner.go:334.2,335.68 2 0
github.com/telleroutlook/proofctl/internal/runner/runner.go:335.68,337.3 1 0
github.com/telleroutlook/proofctl/internal/runner/runner.go:338.2,338.26 1 0
github.com/telleroutlook/proofctl/internal/policy/policy.go:32.111,36.47 3 1
github.com/telleroutlook/proofctl/internal/policy/policy.go:36.47,38.3 1 1
github.com/telleroutlook/proofctl/internal/policy/policy.go:40.2,41.45 2 1
github.com/telleroutlook/proofctl/internal/policy/policy.go:41.45,43.3 1 1
github.com/telleroutlook/proofctl/internal/policy/policy.go:46.2,46.48 1 1
github.com/telleroutlook/proofctl/internal/policy/policy.go:46.48,48.10 2 1
github.com/telleroutlook/proofctl/internal/policy/policy.go:48.10,50.12 2 1
github.com/telleroutlook/proofctl/internal/policy/policy.go:52.3,52.47 1 1
github.com/telleroutlook/proofctl/internal/policy/policy.go:52.47,55.4 1 1
github.com/telleroutlook/proofctl/internal/policy/policy.go:59.2,59.41 1 1
github.com/telleroutlook/proofctl/internal/policy/policy.go:59.41,61.27 2 1
github.com/telleroutlook/proofctl/internal/policy/policy.go:61.27,64.4 1 1
github.com/telleroutlook/proofctl/internal/policy/policy.go:65.3,65.63 1 1
github.com/telleroutlook/proofctl/internal/policy/policy.go:65.63,68.4 1 1
github.com/telleroutlook/proofctl/internal/policy/policy.go:72.2,72.48 1 1
github.com/telleroutlook/proofctl/internal/policy/policy.go:72.48,73.34 1 1
github.com/telleroutlook/proofctl/internal/policy/policy.go:73.34,75.4 1 1
github.com/telleroutlook/proofctl/internal/policy/policy.go:78.2,78.37 1 1
github.com/telleroutlook/proofctl/internal/status/reasons.go:17.105,19.35 2 1
github.com/telleroutlook/proofctl/internal/status/reasons.go:19.35,21.3 1 1
github.com/telleroutlook/proofctl/internal/status/reasons.go:22.2,22.15 1 1
github.com/telleroutlook/proofctl/internal/status/reasons.go:25.107,27.37 1 1
github.com/telleroutlook/proofctl/internal/status/reasons.go:27.37,29.36 2 1
github.com/telleroutlook/proofctl/internal/status/reasons.go:29.36,31.4 1 1
github.com/telleroutlook/proofctl/internal/status/reasons.go:32.3,32.12 1 1
github.com/telleroutlook/proofctl/internal/status/reasons.go:36.2,37.16 2 1
github.com/telleroutlook/proofctl/internal/status/reasons.go:37.16,39.3 1 0
github.com/telleroutlook/proofctl/internal/status/reasons.go:41.2,41.32 1 1
github.com/telleroutlook/proofctl/internal/status/reasons.go:41.32,43.14 2 1
github.com/telleroutlook/proofctl/internal/status/reasons.go:43.14,44.12 1 0
github.com/telleroutlook/proofctl/internal/status/reasons.go:46.3,46.36 1 1
github.com/telleroutlook/proofctl/internal/status/reasons.go:47.62,49.20 2 1
github.com/telleroutlook/proofctl/internal/status/reasons.go:49.20,51.5 1 1
github.com/telleroutlook/proofctl/internal/status/reasons.go:52.4,52.69 1 1
github.com/telleroutlook/proofctl/internal/status/reasons.go:56.2,56.43 1 1
github.com/telleroutlook/proofctl/internal/status/status.go:16.92,19.35 2 1
github.com/telleroutlook/proofctl/internal/status/status.go:19.35,21.3 1 1
github.com/telleroutlook/proofctl/internal/status/status.go:22.2,22.15 1 1
github.com/telleroutlook/proofctl/internal/status/status.go:25.95,27.37 1 1
github.com/telleroutlook/proofctl/internal/status/status.go:27.37,29.3 1 1
github.com/telleroutlook/proofctl/internal/status/status.go:32.2,33.16 2 1
github.com/telleroutlook/proofctl/internal/status/status.go:33.16,35.3 1 0
github.com/telleroutlook/proofctl/internal/status/status.go:37.2,37.32 1 1
github.com/telleroutlook/proofctl/internal/status/status.go:37.32,39.14 2 1
github.com/telleroutlook/proofctl/internal/status/status.go:39.14,40.12 1 1
github.com/telleroutlook/proofctl/internal/status/status.go:42.3,42.36 1 1
github.com/telleroutlook/proofctl/internal/status/status.go:43.62,44.27 1 1
github.com/telleroutlook/proofctl/internal/status/status.go:48.2,48.22 1 1
github.com/telleroutlook/proofctl/internal/signing/signing.go:35.34,37.16 2 1
github.com/telleroutlook/proofctl/internal/signing/signing.go:37.16,39.3 1 0
github.com/telleroutlook/proofctl/internal/signing/signing.go:40.2,44.8 1 1
github.com/telleroutlook/proofctl/internal/signing/signing.go:48.46,49.25 1 1
github.com/telleroutlook/proofctl/internal/signing/signing.go:49.25,51.3 1 1
github.com/telleroutlook/proofctl/internal/signing/signing.go:52.2,53.16 2 1
github.com/telleroutlook/proofctl/internal/signing/signing.go:53.16,55.3 1 0
github.com/telleroutlook/proofctl/internal/signing/signing.go:56.2,58.16 3 1
github.com/telleroutlook/proofctl/internal/signing/signing.go:58.16,60.3 1 0
github.com/telleroutlook/proofctl/internal/signing/signing.go:61.2,61.15 1 1
github.com/telleroutlook/proofctl/internal/signing/signing.go:61.15,61.32 1 1
github.com/telleroutlook/proofctl/internal/signing/signing.go:62.2,62.29 1 1
github.com/telleroutlook/proofctl/internal/signing/signing.go:66.45,68.16 2 1
github.com/telleroutlook/proofctl/internal/signing/signing.go:68.16,70.3 1 0
github.com/telleroutlook/proofctl/internal/signing/signing.go:71.2,73.16 3 1
github.com/telleroutlook/proofctl/internal/signing/signing.go:73.16,75.3 1 0
github.com/telleroutlook/proofctl/internal/signing/signing.go:76.2,76.15 1 1
github.com/telleroutlook/proofctl/internal/signing/signing.go:76.15,76.32 1 1
github.com/telleroutlook/proofctl/internal/signing/signing.go:77.2,77.29 1 1
github.com/telleroutlook/proofctl/internal/signing/signing.go:81.45,83.16 2 1
github.com/telleroutlook/proofctl/internal/signing/signing.go:83.16,85.3 1 0
github.com/telleroutlook/proofctl/internal/signing/signing.go:86.2,87.18 2 1
github.com/telleroutlook/proofctl/internal/signing/signing.go:87.18,89.3 1 1
github.com/telleroutlook/proofctl/internal/signing/signing.go:90.2,91.16 2 1
github.com/telleroutlook/proofctl/internal/signing/signing.go:91.16,93.3 1 0
github.com/telleroutlook/proofctl/internal/signing/signing.go:94.2,95.9 2 1
github.com/telleroutlook/proofctl/internal/signing/signing.go:95.9,97.3 1 0
github.com/telleroutlook/proofctl/internal/signing/signing.go:98.2,103.8 2 1
github.com/telleroutlook/proofctl/internal/signing/signing.go:107.44,109.16 2 1
github.com/telleroutlook/proofctl/internal/signing/signing.go:109.16,111.3 1 0
github.com/telleroutlook/proofctl/internal/signing/signing.go:112.2,113.18 2 1
github.com/telleroutlook/proofctl/internal/signing/signing.go:113.18,115.3 1 0
github.com/telleroutlook/proofctl/internal/signing/signing.go:116.2,117.16 2 1
github.com/telleroutlook/proofctl/internal/signing/signing.go:117.16,119.3 1 0
github.com/telleroutlook/proofctl/internal/signing/signing.go:120.2,121.9 2 1
github.com/telleroutlook/proofctl/internal/signing/signing.go:121.9,123.3 1 0
github.com/telleroutlook/proofctl/internal/signing/signing.go:124.2,127.8 1 1
github.com/telleroutlook/proofctl/internal/signing/signing.go:132.46,133.25 1 1
github.com/telleroutlook/proofctl/internal/signing/signing.go:133.25,135.3 1 1
github.com/telleroutlook/proofctl/internal/signing/signing.go:136.2,137.16 2 1
github.com/telleroutlook/proofctl/internal/signing/signing.go:137.16,139.3 1 0
github.com/telleroutlook/proofctl/internal/signing/signing.go:140.2,145.8 2 1
github.com/telleroutlook/proofctl/internal/signing/signing.go:150.51,151.32 1 1
github.com/telleroutlook/proofctl/internal/signing/signing.go:151.32,153.3 1 0
github.com/telleroutlook/proofctl/internal/signing/signing.go:154.2,155.16 2 1
github.com/telleroutlook/proofctl/internal/signing/signing.go:155.16,157.3 1 0
github.com/telleroutlook/proofctl/internal/signing/signing.go:158.2,159.16 2 1
github.com/telleroutlook/proofctl/internal/signing/signing.go:159.16,161.3 1 0
github.com/telleroutlook/proofctl/internal/signing/signing.go:162.2,162.51 1 1
github.com/telleroutlook/proofctl/internal/signing/signing.go:162.51,164.3 1 1
github.com/telleroutlook/proofctl/internal/signing/signing.go:165.2,165.12 1 1
github.com/telleroutlook/proofctl/internal/signing/signing.go:170.49,172.16 2 1
github.com/telleroutlook/proofctl/internal/signing/signing.go:172.16,174.3 1 0
github.com/telleroutlook/proofctl/internal/signing/signing.go:176.2,177.49 2 1
github.com/telleroutlook/proofctl/internal/signing/signing.go:177.49,180.3 1 0
github.com/telleroutlook/proofctl/internal/signing/signing.go:181.2,183.16 3 1
github.com/telleroutlook/proofctl/internal/signing/signing.go:183.16,185.3 1 0
github.com/telleroutlook/proofctl/internal/signing/signing.go:186.2,186.23 1 1
github.com/telleroutlook/proofctl/internal/signing/signing.go:190.48,193.2 2 1
github.com/telleroutlook/proofctl/internal/snapshot/snapshot.go:36.22,40.41 3 1
github.com/telleroutlook/proofctl/internal/snapshot/snapshot.go:40.41,40.79 1 1
github.com/telleroutlook/proofctl/internal/snapshot/snapshot.go:43.2,44.30 2 1
github.com/telleroutlook/proofctl/internal/snapshot/snapshot.go:44.30,46.3 1 1
github.com/telleroutlook/proofctl/internal/snapshot/snapshot.go:49.2,50.16 2 1
github.com/telleroutlook/proofctl/internal/snapshot/snapshot.go:50.16,52.3 1 0
github.com/telleroutlook/proofctl/internal/snapshot/snapshot.go:53.2,68.16 6 1
github.com/telleroutlook/proofctl/internal/snapshot/snapshot.go:68.16,70.3 1 0
github.com/telleroutlook/proofctl/internal/snapshot/snapshot.go:71.2,74.18 3 1
github.com/telleroutlook/proofctl/internal/snapshot/snapshot.go:79.56,80.48 1 1
github.com/telleroutlook/proofctl/internal/snapshot/snapshot.go:80.48,82.3 1 1
github.com/telleroutlook/proofctl/internal/snapshot/snapshot.go:83.2,84.16 2 1
github.com/telleroutlook/proofctl/internal/snapshot/snapshot.go:84.16,86.3 1 0
github.com/telleroutlook/proofctl/internal/snapshot/snapshot.go:87.2,94.16 5 1
github.com/telleroutlook/proofctl/internal/snapshot/snapshot.go:94.16,96.3 1 1
github.com/telleroutlook/proofctl/internal/snapshot/snapshot.go:97.2,98.43 2 1
github.com/telleroutlook/proofctl/internal/snapshot/snapshot.go:98.43,102.3 3 0
github.com/telleroutlook/proofctl/internal/snapshot/snapshot.go:103.2,103.35 1 1
github.com/telleroutlook/proofctl/internal/snapshot/snapshot.go:103.35,107.3 3 0
github.com/telleroutlook/proofctl/internal/snapshot/snapshot.go:108.2,109.51 2 1
github.com/telleroutlook/proofctl/internal/snapshot/snapshot.go:109.51,112.3 2 1
github.com/telleroutlook/proofctl/internal/snapshot/snapshot.go:113.2,113.20 1 1
github.com/telleroutlook/proofctl/internal/weil/defects.go:85.43,87.33 2 1
github.com/telleroutlook/proofctl/internal/weil/defects.go:87.33,89.3 1 1
github.com/telleroutlook/proofctl/internal/weil/defects.go:90.2,90.10 1 1
github.com/telleroutlook/proofctl/internal/weil/defects.go:94.38,96.33 2 1
github.com/telleroutlook/proofctl/internal/weil/defects.go:96.33,98.3 1 1
github.com/telleroutlook/proofctl/internal/weil/defects.go:99.2,99.10 1 1
github.com/telleroutlook/proofctl/internal/weil/shadow.go:24.77,35.2 1 1
github.com/telleroutlook/proofctl/internal/weil/shadow.go:39.60,49.2 1 1
github.com/telleroutlook/proofctl/internal/release/conditions.go:41.21,47.35 6 1
github.com/telleroutlook/proofctl/internal/release/conditions.go:47.35,49.3 1 1
github.com/telleroutlook/proofctl/internal/release/conditions.go:50.2,50.47 1 1
github.com/telleroutlook/proofctl/internal/release/conditions.go:50.47,52.3 1 1
github.com/telleroutlook/proofctl/internal/release/conditions.go:53.2,53.16 1 1
github.com/telleroutlook/proofctl/internal/release/conditions.go:57.48,58.28 1 1
github.com/telleroutlook/proofctl/internal/release/conditions.go:58.28,59.16 1 1
github.com/telleroutlook/proofctl/internal/release/conditions.go:59.16,61.4 1 1
github.com/telleroutlook/proofctl/internal/release/conditions.go:63.2,63.13 1 1
github.com/telleroutlook/proofctl/internal/release/conditions.go:67.51,69.28 2 1
github.com/telleroutlook/proofctl/internal/release/conditions.go:69.28,70.16 1 1
github.com/telleroutlook/proofctl/internal/release/conditions.go:70.16,72.4 1 1
github.com/telleroutlook/proofctl/internal/release/conditions.go:74.2,74.12 1 1
github.com/telleroutlook/proofctl/internal/release/conditions.go:78.100,80.35 2 1
github.com/telleroutlook/proofctl/internal/release/conditions.go:80.35,82.10 2 1
github.com/telleroutlook/proofctl/internal/release/conditions.go:82.10,84.12 2 1
github.com/telleroutlook/proofctl/internal/release/conditions.go:86.3,86.47 1 1
github.com/telleroutlook/proofctl/internal/release/conditions.go:86.47,88.4 1 1
github.com/telleroutlook/proofctl/internal/release/conditions.go:90.2,90.21 1 1
github.com/telleroutlook/proofctl/internal/release/conditions.go:90.21,96.3 1 1
github.com/telleroutlook/proofctl/internal/release/conditions.go:97.2,97.68 1 1
github.com/telleroutlook/proofctl/internal/release/conditions.go:101.91,103.36 2 1
github.com/telleroutlook/proofctl/internal/release/conditions.go:103.36,104.46 1 1
github.com/telleroutlook/proofctl/internal/release/conditions.go:104.46,106.4 1 1
github.com/telleroutlook/proofctl/internal/release/conditions.go:108.2,108.20 1 1
github.com/telleroutlook/proofctl/internal/release/conditions.go:108.20,114.3 1 1
github.com/telleroutlook/proofctl/internal/release/conditions.go:115.2,115.72 1 1
github.com/telleroutlook/proofctl/internal/release/conditions.go:119.115,121.44 2 1
github.com/telleroutlook/proofctl/internal/release/conditions.go:121.44,123.3 1 1
github.com/telleroutlook/proofctl/internal/release/conditions.go:124.2,125.42 2 1
github.com/telleroutlook/proofctl/internal/release/conditions.go:125.42,127.3 1 1
github.com/telleroutlook/proofctl/internal/release/conditions.go:129.2,130.36 2 1
github.com/telleroutlook/proofctl/internal/release/conditions.go:130.36,132.27 2 1
github.com/telleroutlook/proofctl/internal/release/conditions.go:132.27,134.12 2 1
github.com/telleroutlook/proofctl/internal/release/conditions.go:136.3,136.60 1 1
github.com/telleroutlook/proofctl/internal/release/conditions.go:136.60,138.4 1 1
github.com/telleroutlook/proofctl/internal/release/conditions.go:140.2,140.25 1 1
github.com/telleroutlook/proofctl/internal/release/conditions.go:140.25,146.3 1 1
github.com/telleroutlook/proofctl/internal/release/conditions.go:147.2,147.68 1 1
github.com/telleroutlook/proofctl/internal/release/conditions.go:152.105,154.35 2 1
github.com/telleroutlook/proofctl/internal/release/conditions.go:154.35,156.10 2 1
github.com/telleroutlook/proofctl/internal/release/conditions.go:156.10,158.12 2 1
github.com/telleroutlook/proofctl/internal/release/conditions.go:160.3,160.81 1 1
github.com/telleroutlook/proofctl/internal/release/conditions.go:160.81,162.28 2 1
github.com/telleroutlook/proofctl/internal/release/conditions.go:162.28,164.5 1 1
github.com/telleroutlook/proofctl/internal/release/conditions.go:165.4,165.32 1 1
github.com/telleroutlook/proofctl/internal/release/conditions.go:165.32,167.5 1 1
github.com/telleroutlook/proofctl/internal/release/conditions.go:168.4,168.30 1 1
github.com/telleroutlook/proofctl/internal/release/conditions.go:168.30,170.5 1 1
github.com/telleroutlook/proofctl/internal/release/conditions.go:171.4,171.95 1 1
github.com/telleroutlook/proofctl/internal/release/conditions.go:174.2,174.22 1 1
github.com/telleroutlook/proofctl/internal/release/conditions.go:174.22,180.3 1 1
github.com/telleroutlook/proofctl/internal/release/conditions.go:181.2,181.65 1 1
github.com/telleroutlook/proofctl/internal/release/conditions.go:185.75,186.35 1 1
github.com/telleroutlook/proofctl/internal/release/conditions.go:186.35,187.26 1 1
github.com/telleroutlook/proofctl/internal/release/conditions.go:187.26,188.49 1 1
github.com/telleroutlook/proofctl/internal/release/conditions.go:188.49,190.5 1 1
github.com/telleroutlook/proofctl/internal/release/conditions.go:193.2,193.14 1 1
github.com/telleroutlook/proofctl/internal/release/conditions.go:198.92,200.36 2 1
github.com/telleroutlook/proofctl/internal/release/conditions.go:200.36,206.3 1 1
github.com/telleroutlook/proofctl/internal/release/conditions.go:207.2,207.46 1 1
github.com/telleroutlook/proofctl/internal/release/conditions.go:212.93,214.36 2 1
github.com/telleroutlook/proofctl/internal/release/conditions.go:214.36,215.56 1 1
github.com/telleroutlook/proofctl/internal/release/conditions.go:215.56,217.4 1 1
github.com/telleroutlook/proofctl/internal/release/conditions.go:219.2,219.23 1 1
github.com/telleroutlook/proofctl/internal/release/conditions.go:219.23,225.3 1 1
github.com/telleroutlook/proofctl/internal/release/conditions.go:226.2,226.69 1 1
github.com/telleroutlook/proofctl/internal/release/gate.go:65.15,70.30 3 1
github.com/telleroutlook/proofctl/internal/release/gate.go:70.30,71.29 1 1
github.com/telleroutlook/proofctl/internal/release/gate.go:71.29,73.4 1 1
github.com/telleroutlook/proofctl/internal/release/gate.go:77.2,78.11 2 1
github.com/telleroutlook/proofctl/internal/release/gate.go:78.11,80.3 1 1
github.com/telleroutlook/proofctl/internal/release/gate.go:83.2,84.36 2 1
github.com/telleroutlook/proofctl/internal/release/gate.go:84.36,85.28 1 1
github.com/telleroutlook/proofctl/internal/release/gate.go:85.28,87.4 1 1
github.com/telleroutlook/proofctl/internal/release/gate.go:91.2,100.3 3 1
github.com/telleroutlook/proofctl/internal/release/gate.go:109.20,112.2 2 1
github.com/telleroutlook/proofctl/internal/release/gate.go:124.27,137.12 4 1
github.com/telleroutlook/proofctl/internal/release/gate.go:137.12,139.3 1 1
github.com/telleroutlook/proofctl/internal/release/gate.go:141.2,141.42 1 1
github.com/telleroutlook/proofctl/internal/release/gate.go:141.42,143.3 1 0
github.com/telleroutlook/proofctl/internal/release/gate.go:145.2,145.12 1 1
github.com/telleroutlook/proofctl/internal/release/gate.go:145.12,147.47 2 1
github.com/telleroutlook/proofctl/internal/release/gate.go:147.47,149.4 1 0
github.com/telleroutlook/proofctl/internal/release/gate.go:152.2,152.35 1 1
github.com/telleroutlook/proofctl/internal/release/gate.go:152.35,153.76 1 1
github.com/telleroutlook/proofctl/internal/release/gate.go:153.76,155.4 1 0
github.com/telleroutlook/proofctl/internal/release/gate.go:158.2,158.32 1 1
github.com/telleroutlook/proofctl/internal/release/gate.go:162.52,163.56 1 1
github.com/telleroutlook/proofctl/internal/release/gate.go:163.56,165.3 1 0
github.com/telleroutlook/proofctl/internal/release/gate.go:167.2,168.16 2 1
github.com/telleroutlook/proofctl/internal/release/gate.go:168.16,170.3 1 0
github.com/telleroutlook/proofctl/internal/release/gate.go:171.2,177.16 4 1
github.com/telleroutlook/proofctl/internal/release/gate.go:177.16,179.3 1 0
github.com/telleroutlook/proofctl/internal/release/gate.go:180.2,182.53 2 1
github.com/telleroutlook/proofctl/internal/release/gate.go:182.53,186.3 3 0
github.com/telleroutlook/proofctl/internal/release/gate.go:187.2,187.43 1 1
github.com/telleroutlook/proofctl/internal/release/gate.go:187.43,191.3 3 0
github.com/telleroutlook/proofctl/internal/release/gate.go:192.2,192.46 1 1
github.com/telleroutlook/proofctl/internal/release/gate.go:192.46,195.3 2 0
github.com/telleroutlook/proofctl/internal/release/gate.go:196.2,196.63 1 1
github.com/telleroutlook/proofctl/internal/release/gate.go:196.63,199.3 2 0
github.com/telleroutlook/proofctl/internal/release/gate.go:200.2,200.12 1 1
github.com/telleroutlook/proofctl/internal/release/gate.go:204.69,206.30 2 1
github.com/telleroutlook/proofctl/internal/release/gate.go:206.30,207.13 1 1
github.com/telleroutlook/proofctl/internal/release/gate.go:208.26,209.16 1 1
github.com/telleroutlook/proofctl/internal/release/gate.go:210.25,211.15 1 1
github.com/telleroutlook/proofctl/internal/release/gate.go:212.22,213.12 1 1
github.com/telleroutlook/proofctl/internal/release/gate.go:214.26,215.16 1 1
github.com/telleroutlook/proofctl/internal/release/gate.go:218.2,218.10 1 1
github.com/telleroutlook/proofctl/internal/release/gate.go:250.19,255.35 2 1
github.com/telleroutlook/proofctl/internal/release/gate.go:255.35,256.35 1 1
github.com/telleroutlook/proofctl/internal/release/gate.go:256.35,257.43 1 1
github.com/telleroutlook/proofctl/internal/release/gate.go:257.43,259.5 1 1
github.com/telleroutlook/proofctl/internal/release/gate.go:260.4,260.35 1 1
github.com/telleroutlook/proofctl/internal/release/gate.go:260.35,262.5 1 1
github.com/telleroutlook/proofctl/internal/release/gate.go:263.4,263.36 1 1
github.com/telleroutlook/proofctl/internal/release/gate.go:263.36,265.5 1 0
github.com/telleroutlook/proofctl/internal/release/gate.go:269.2,270.30 2 1
github.com/telleroutlook/proofctl/internal/release/gate.go:270.30,278.3 2 1
github.com/telleroutlook/proofctl/internal/release/gate.go:281.2,282.18 2 1
github.com/telleroutlook/proofctl/internal/release/gate.go:282.18,284.36 2 1
github.com/telleroutlook/proofctl/internal/release/gate.go:284.36,285.41 1 1
github.com/telleroutlook/proofctl/internal/release/gate.go:285.41,286.18 1 0
github.com/telleroutlook/proofctl/internal/release/gate.go:286.18,289.6 2 0
github.com/telleroutlook/proofctl/internal/release/gate.go:294.2,300.3 1 1
github.com/telleroutlook/proofctl/internal/release/gate.go:304.58,305.56 1 1
github.com/telleroutlook/proofctl/internal/release/gate.go:305.56,307.3 1 0
github.com/telleroutlook/proofctl/internal/release/gate.go:308.2,309.16 2 1
github.com/telleroutlook/proofctl/internal/release/gate.go:309.16,311.3 1 0
github.com/telleroutlook/proofctl/internal/release/gate.go:312.2,315.16 4 1
github.com/telleroutlook/proofctl/internal/release/gate.go:315.16,317.3 1 0
github.com/telleroutlook/proofctl/internal/release/gate.go:318.2,319.53 2 1
github.com/telleroutlook/proofctl/internal/release/gate.go:319.53,323.3 3 0
github.com/telleroutlook/proofctl/internal/release/gate.go:324.2,324.43 1 1
github.com/telleroutlook/proofctl/internal/release/gate.go:324.43,328.3 3 0
github.com/telleroutlook/proofctl/internal/release/gate.go:329.2,330.63 2 1
github.com/telleroutlook/proofctl/internal/release/gate.go:330.63,333.3 2 0
github.com/telleroutlook/proofctl/internal/release/gate.go:334.2,334.12 1 1
github.com/telleroutlook/proofctl/internal/release/gate.go:365.9,368.35 2 1
github.com/telleroutlook/proofctl/internal/release/gate.go:368.35,369.34 1 1
github.com/telleroutlook/proofctl/internal/release/gate.go:369.34,370.21 1 1
github.com/telleroutlook/proofctl/internal/release/gate.go:370.21,372.5 1 1
github.com/telleroutlook/proofctl/internal/release/gate.go:376.2,377.30 2 1
github.com/telleroutlook/proofctl/internal/release/gate.go:377.30,385.36 2 1
github.com/telleroutlook/proofctl/internal/release/gate.go:385.36,387.4 1 1
github.com/telleroutlook/proofctl/internal/release/gate.go:388.3,388.17 1 1
github.com/telleroutlook/proofctl/internal/release/gate.go:388.17,390.4 1 1
github.com/telleroutlook/proofctl/internal/release/gate.go:391.3,391.31 1 1
github.com/telleroutlook/proofctl/internal/release/gate.go:394.2,403.16 3 1
github.com/telleroutlook/proofctl/internal/release/gate.go:403.16,405.3 1 0
github.com/telleroutlook/proofctl/internal/release/gate.go:406.2,410.16 4 1
github.com/telleroutlook/proofctl/internal/release/gate.go:410.16,412.3 1 0
github.com/telleroutlook/proofctl/internal/release/gate.go:413.2,414.53 2 1
github.com/telleroutlook/proofctl/internal/release/gate.go:414.53,418.3 3 0
github.com/telleroutlook/proofctl/internal/release/gate.go:419.2,419.43 1 1
github.com/telleroutlook/proofctl/internal/release/gate.go:419.43,423.3 3 0
github.com/telleroutlook/proofctl/internal/release/gate.go:424.2,425.63 2 1
github.com/telleroutlook/proofctl/internal/release/gate.go:425.63,428.3 2 0
github.com/telleroutlook/proofctl/internal/release/gate.go:429.2,429.12 1 1
github.com/telleroutlook/proofctl/internal/verify/verify.go:59.20,61.52 1 1
github.com/telleroutlook/proofctl/internal/verify/verify.go:61.52,63.3 1 1
github.com/telleroutlook/proofctl/internal/verify/verify.go:66.2,67.18 2 1
github.com/telleroutlook/proofctl/internal/verify/verify.go:67.18,69.3 1 0
github.com/telleroutlook/proofctl/internal/verify/verify.go:72.2,73.40 2 1
github.com/telleroutlook/proofctl/internal/verify/verify.go:73.40,75.15 2 0
github.com/telleroutlook/proofctl/internal/verify/verify.go:75.15,77.4 1 0
github.com/telleroutlook/proofctl/internal/verify/verify.go:78.3,78.25 1 0
github.com/telleroutlook/proofctl/internal/verify/verify.go:82.2,82.32 1 1
github.com/telleroutlook/proofctl/internal/verify/verify.go:82.32,83.44 1 1
github.com/telleroutlook/proofctl/internal/verify/verify.go:83.44,86.4 1 1
github.com/telleroutlook/proofctl/internal/verify/verify.go:90.2,93.86 2 1
github.com/telleroutlook/proofctl/internal/verify/verify.go:93.86,95.3 1 1
github.com/telleroutlook/proofctl/internal/verify/verify.go:95.8,95.49 1 1
github.com/telleroutlook/proofctl/internal/verify/verify.go:95.49,100.3 1 0
github.com/telleroutlook/proofctl/internal/verify/verify.go:103.2,104.32 2 1
github.com/telleroutlook/proofctl/internal/verify/verify.go:104.32,105.26 1 1
github.com/telleroutlook/proofctl/internal/verify/verify.go:105.26,107.4 1 1
github.com/telleroutlook/proofctl/internal/verify/verify.go:109.2,110.16 2 1
github.com/telleroutlook/proofctl/internal/verify/verify.go:110.16,112.3 1 0
github.com/telleroutlook/proofctl/internal/verify/verify.go:115.2,116.25 2 1
github.com/telleroutlook/proofctl/internal/verify/verify.go:116.25,118.3 1 0
github.com/telleroutlook/proofctl/internal/verify/verify.go:119.2,120.32 2 1
github.com/telleroutlook/proofctl/internal/verify/verify.go:120.32,127.3 1 1
github.com/telleroutlook/proofctl/internal/verify/verify.go:128.2,138.16 3 1
github.com/telleroutlook/proofctl/internal/verify/verify.go:138.16,140.3 1 0
github.com/telleroutlook/proofctl/internal/verify/verify.go:143.2,152.20 5 1
github.com/telleroutlook/proofctl/internal/verify/verify.go:152.20,154.3 1 0
github.com/telleroutlook/proofctl/internal/verify/verify.go:155.2,155.80 1 1
github.com/telleroutlook/proofctl/internal/verify/verify.go:155.80,157.3 1 1
github.com/telleroutlook/proofctl/internal/verify/verify.go:160.2,165.19 5 1
github.com/telleroutlook/proofctl/internal/verify/verify.go:165.19,167.10 2 1
github.com/telleroutlook/proofctl/internal/verify/verify.go:168.54,171.25 2 1
github.com/telleroutlook/proofctl/internal/verify/verify.go:171.25,174.5 2 1
github.com/telleroutlook/proofctl/internal/verify/verify.go:174.10,177.5 2 0
github.com/telleroutlook/proofctl/internal/verify/verify.go:178.54,179.92 1 1
github.com/telleroutlook/proofctl/internal/verify/verify.go:180.56,181.95 1 1
github.com/telleroutlook/proofctl/internal/verify/verify.go:182.11,183.87 1 1
github.com/telleroutlook/proofctl/internal/verify/verify.go:185.8,188.17 2 1
github.com/telleroutlook/proofctl/internal/verify/verify.go:188.17,190.4 1 0
github.com/telleroutlook/proofctl/internal/verify/verify.go:191.3,193.35 3 1
github.com/telleroutlook/proofctl/internal/verify/verify.go:197.2,198.25 2 1
github.com/telleroutlook/proofctl/internal/verify/verify.go:198.25,200.3 1 0
github.com/telleroutlook/proofctl/internal/verify/verify.go:203.2,217.23 2 1
github.com/telleroutlook/proofctl/internal/verify/verify.go:217.23,221.35 4 1
github.com/telleroutlook/proofctl/internal/verify/verify.go:221.35,223.4 1 0
github.com/telleroutlook/proofctl/internal/verify/verify.go:224.3,224.36 1 1
github.com/telleroutlook/proofctl/internal/verify/verify.go:224.36,229.4 2 0
github.com/telleroutlook/proofctl/internal/verify/verify.go:233.2,235.16 3 1
github.com/telleroutlook/proofctl/internal/verify/verify.go:235.16,237.3 1 0
github.com/telleroutlook/proofctl/internal/verify/verify.go:238.2,241.25 2 1
github.com/telleroutlook/proofctl/internal/verify/verify.go:241.25,243.21 2 0
github.com/telleroutlook/proofctl/internal/verify/verify.go:243.21,245.4 1 0
github.com/telleroutlook/proofctl/internal/verify/verify.go:246.3,250.4 1 0
github.com/telleroutlook/proofctl/internal/verify/verify.go:254.2,254.74 1 1
github.com/telleroutlook/proofctl/internal/verify/verify.go:254.74,256.3 1 0
github.com/telleroutlook/proofctl/internal/verify/verify.go:258.2,258.76 1 1
github.com/telleroutlook/proofctl/internal/verify/verify.go:263.93,264.52 1 1
github.com/telleroutlook/proofctl/internal/verify/verify.go:264.52,266.3 1 0
github.com/telleroutlook/proofctl/internal/verify/verify.go:267.2,269.16 3 1
github.com/telleroutlook/proofctl/internal/verify/verify.go:269.16,271.3 1 1
github.com/telleroutlook/proofctl/internal/verify/verify.go:272.2,272.15 1 1
github.com/telleroutlook/proofctl/internal/verify/verify.go:272.15,272.32 1 1
github.com/telleroutlook/proofctl/internal/verify/verify.go:274.2,275.16 2 1
github.com/telleroutlook/proofctl/internal/verify/verify.go:275.16,277.3 1 1
github.com/telleroutlook/proofctl/internal/verify/verify.go:278.2,278.30 1 1
github.com/telleroutlook/proofctl/internal/verify/verify.go:278.30,280.3 1 1
github.com/telleroutlook/proofctl/internal/verify/verify.go:282.2,282.48 1 1
github.com/telleroutlook/proofctl/internal/verify/verify.go:282.48,283.65 1 0
github.com/telleroutlook/proofctl/internal/verify/verify.go:283.65,285.4 1 0
github.com/telleroutlook/proofctl/internal/verify/verify.go:287.2,287.17 1 1
github.com/telleroutlook/proofctl/internal/verify/verify.go:293.77,294.52 1 1
github.com/telleroutlook/proofctl/internal/verify/verify.go:294.52,296.3 1 1
github.com/telleroutlook/proofctl/internal/verify/verify.go:297.2,297.48 1 1
github.com/telleroutlook/proofctl/internal/verify/verify.go:297.48,299.3 1 1
github.com/telleroutlook/proofctl/internal/verify/verify.go:300.2,301.16 2 1
github.com/telleroutlook/proofctl/internal/verify/verify.go:301.16,303.3 1 0
github.com/telleroutlook/proofctl/internal/verify/verify.go:304.2,307.16 3 1
github.com/telleroutlook/proofctl/internal/verify/verify.go:307.16,309.3 1 0
github.com/telleroutlook/proofctl/internal/verify/verify.go:310.2,311.15 2 1
github.com/telleroutlook/proofctl/internal/verify/verify.go:311.15,311.41 1 1
github.com/telleroutlook/proofctl/internal/verify/verify.go:313.2,313.43 1 1
github.com/telleroutlook/proofctl/internal/verify/verify.go:313.43,316.3 2 0
github.com/telleroutlook/proofctl/internal/verify/verify.go:317.2,317.35 1 1
github.com/telleroutlook/proofctl/internal/verify/verify.go:317.35,320.3 2 0
github.com/telleroutlook/proofctl/internal/verify/verify.go:321.2,321.36 1 1
github.com/telleroutlook/proofctl/internal/verify/verify.go:321.36,323.3 1 0
github.com/telleroutlook/proofctl/internal/verify/verify.go:325.2,326.49 2 1
github.com/telleroutlook/proofctl/internal/verify/verify.go:326.49,328.3 1 0
github.com/telleroutlook/proofctl/internal/verify/verify.go:329.2,329.12 1 1
github.com/telleroutlook/proofctl/internal/verify/verify.go:334.68,335.26 1 0
github.com/telleroutlook/proofctl/internal/verify/verify.go:335.26,337.3 1 0
github.com/telleroutlook/proofctl/internal/verify/verify.go:338.2,339.16 2 0
github.com/telleroutlook/proofctl/internal/verify/verify.go:339.16,341.3 1 0
github.com/telleroutlook/proofctl/internal/verify/verify.go:342.2,342.28 1 0
github.com/telleroutlook/proofctl/internal/verify/verify.go:342.28,343.77 1 0
github.com/telleroutlook/proofctl/internal/verify/verify.go:343.77,344.12 1 0
github.com/telleroutlook/proofctl/internal/verify/verify.go:346.3,348.17 3 0
github.com/telleroutlook/proofctl/internal/verify/verify.go:348.17,351.4 1 0
github.com/telleroutlook/proofctl/internal/verify/verify.go:352.3,352.46 1 0
github.com/telleroutlook/proofctl/internal/verify/verify.go:352.46,353.12 1 0
github.com/telleroutlook/proofctl/internal/verify/verify.go:355.3,360.37 2 0
github.com/telleroutlook/proofctl/internal/verify/verify.go:362.2,362.109 1 0
github.com/telleroutlook/proofctl/internal/verify/verify.go:366.71,367.20 1 1
github.com/telleroutlook/proofctl/internal/verify/verify.go:367.20,369.3 1 0
github.com/telleroutlook/proofctl/internal/verify/verify.go:370.2,373.41 4 1
github.com/telleroutlook/proofctl/internal/verify/verify.go:373.41,375.3 1 1
github.com/telleroutlook/proofctl/internal/verify/verify.go:376.2,376.23 1 1
github.com/telleroutlook/proofctl/internal/verify/verify.go:376.23,378.3 1 1
github.com/telleroutlook/proofctl/internal/verify/verify.go:379.2,379.18 1 1
github.com/telleroutlook/proofctl/internal/verify/verify.go:383.65,384.20 1 1
github.com/telleroutlook/proofctl/internal/verify/verify.go:384.20,386.3 1 1
github.com/telleroutlook/proofctl/internal/verify/verify.go:387.2,388.16 2 1
github.com/telleroutlook/proofctl/internal/verify/verify.go:388.16,390.3 1 1
github.com/telleroutlook/proofctl/internal/verify/verify.go:391.2,391.12 1 1
github.com/telleroutlook/proofctl/internal/verify/verify.go:395.59,396.42 1 1
github.com/telleroutlook/proofctl/internal/verify/verify.go:396.42,399.3 2 1
github.com/telleroutlook/proofctl/internal/verify/verify.go:400.2,400.14 1 1
github.com/telleroutlook/proofctl/internal/verify/verify.go:404.40,406.2 1 1
github.com/telleroutlook/proofctl/cmd/proofctl/cmd_cache.go:14.44,15.20 1 0
github.com/telleroutlook/proofctl/cmd/proofctl/cmd_cache.go:15.20,17.3 1 0
github.com/telleroutlook/proofctl/cmd/proofctl/cmd_cache.go:19.2,19.17 1 0
github.com/telleroutlook/proofctl/cmd/proofctl/cmd_cache.go:20.15,21.25 1 0
github.com/telleroutlook/proofctl/cmd/proofctl/cmd_cache.go:22.10,23.78 1 0
github.com/telleroutlook/proofctl/cmd/proofctl/cmd_cache.go:27.34,29.16 2 0
github.com/telleroutlook/proofctl/cmd/proofctl/cmd_cache.go:29.16,31.3 1 0
github.com/telleroutlook/proofctl/cmd/proofctl/cmd_cache.go:32.2,33.16 2 0
github.com/telleroutlook/proofctl/cmd/proofctl/cmd_cache.go:33.16,35.3 1 0
github.com/telleroutlook/proofctl/cmd/proofctl/cmd_cache.go:37.2,39.16 3 0
github.com/telleroutlook/proofctl/cmd/proofctl/cmd_cache.go:39.16,41.3 1 0
github.com/telleroutlook/proofctl/cmd/proofctl/cmd_cache.go:42.2,52.16 6 0
github.com/telleroutlook/proofctl/cmd/proofctl/cmd_cache.go:52.16,53.25 1 0
github.com/telleroutlook/proofctl/cmd/proofctl/cmd_cache.go:53.25,54.15 1 0
github.com/telleroutlook/proofctl/cmd/proofctl/cmd_cache.go:54.15,57.5 2 0
github.com/telleroutlook/proofctl/cmd/proofctl/cmd_cache.go:57.10,59.5 1 0
github.com/telleroutlook/proofctl/cmd/proofctl/cmd_cache.go:60.4,60.10 1 0
github.com/telleroutlook/proofctl/cmd/proofctl/cmd_cache.go:62.3,62.74 1 0
github.com/telleroutlook/proofctl/cmd/proofctl/cmd_cache.go:65.2,65.34 1 0
github.com/telleroutlook/proofctl/cmd/proofctl/cmd_cache.go:65.34,66.22 1 0
github.com/telleroutlook/proofctl/cmd/proofctl/cmd_cache.go:66.22,67.12 1 0
github.com/telleroutlook/proofctl/cmd/proofctl/cmd_cache.go:69.3,71.17 3 0
github.com/telleroutlook/proofctl/cmd/proofctl/cmd_cache.go:71.17,72.12 1 0
github.com/telleroutlook/proofctl/cmd/proofctl/cmd_cache.go:74.3,74.33 1 0
github.com/telleroutlook/proofctl/cmd/proofctl/cmd_cache.go:74.33,75.21 1 0
github.com/telleroutlook/proofctl/cmd/proofctl/cmd_cache.go:75.21,76.13 1 0
github.com/telleroutlook/proofctl/cmd/proofctl/cmd_cache.go:78.4,79.18 2 0
github.com/telleroutlook/proofctl/cmd/proofctl/cmd_cache.go:79.18,80.13 1 0
github.com/telleroutlook/proofctl/cmd/proofctl/cmd_cache.go:82.4,83.71 2 0
github.com/telleroutlook/proofctl/cmd/proofctl/cmd_cache.go:87.2,87.13 1 0
github.com/telleroutlook/proofctl/cmd/proofctl/cmd_cache.go:87.13,92.3 4 0
github.com/telleroutlook/proofctl/cmd/proofctl/cmd_cache.go:94.2,94.21 1 0
github.com/telleroutlook/proofctl/cmd/proofctl/cmd_cache.go:94.21,97.3 2 0
github.com/telleroutlook/proofctl/cmd/proofctl/cmd_cache.go:98.2,98.26 1 0
github.com/telleroutlook/proofctl/cmd/proofctl/cmd_cache.go:98.26,100.3 1 0
github.com/telleroutlook/proofctl/cmd/proofctl/cmd_cas.go:17.42,18.20 1 0
github.com/telleroutlook/proofctl/cmd/proofctl/cmd_cas.go:18.20,20.3 1 0
github.com/telleroutlook/proofctl/cmd/proofctl/cmd_cas.go:21.2,21.17 1 0
github.com/telleroutlook/proofctl/cmd/proofctl/cmd_cas.go:22.16,23.34 1 0
github.com/telleroutlook/proofctl/cmd/proofctl/cmd_cas.go:24.14,25.32 1 0
github.com/telleroutlook/proofctl/cmd/proofctl/cmd_cas.go:26.10,27.98 1 0
github.com/telleroutlook/proofctl/cmd/proofctl/cmd_cas.go:31.48,33.39 2 0
github.com/telleroutlook/proofctl/cmd/proofctl/cmd_cas.go:33.39,35.3 1 0
github.com/telleroutlook/proofctl/cmd/proofctl/cmd_cas.go:36.2,36.20 1 0
github.com/telleroutlook/proofctl/cmd/proofctl/cmd_cas.go:36.20,38.3 1 0
github.com/telleroutlook/proofctl/cmd/proofctl/cmd_cas.go:40.2,44.16 4 0
github.com/telleroutlook/proofctl/cmd/proofctl/cmd_cas.go:44.16,46.3 1 0
github.com/telleroutlook/proofctl/cmd/proofctl/cmd_cas.go:49.2,51.16 3 0
github.com/telleroutlook/proofctl/cmd/proofctl/cmd_cas.go:51.16,53.3 1 0
github.com/telleroutlook/proofctl/cmd/proofctl/cmd_cas.go:54.2,55.16 2 0
github.com/telleroutlook/proofctl/cmd/proofctl/cmd_cas.go:55.16,57.3 1 0
github.com/telleroutlook/proofctl/cmd/proofctl/cmd_cas.go:60.2,61.33 2 0
github.com/telleroutlook/proofctl/cmd/proofctl/cmd_cas.go:61.33,63.3 1 0
github.com/telleroutlook/proofctl/cmd/proofctl/cmd_cas.go:65.2,75.33 4 0
github.com/telleroutlook/proofctl/cmd/proofctl/cmd_cas.go:75.33,77.17 2 0
github.com/telleroutlook/proofctl/cmd/proofctl/cmd_cas.go:77.17,79.15 2 0
github.com/telleroutlook/proofctl/cmd/proofctl/cmd_cas.go:79.15,81.5 1 0
github.com/telleroutlook/proofctl/cmd/proofctl/cmd_cas.go:81.10,83.5 1 0
github.com/telleroutlook/proofctl/cmd/proofctl/cmd_cas.go:84.4,84.12 1 0
github.com/telleroutlook/proofctl/cmd/proofctl/cmd_cas.go:86.3,88.17 3 0
github.com/telleroutlook/proofctl/cmd/proofctl/cmd_cas.go:88.17,90.15 2 0
github.com/telleroutlook/proofctl/cmd/proofctl/cmd_cas.go:90.15,92.5 1 0
github.com/telleroutlook/proofctl/cmd/proofctl/cmd_cas.go:92.10,94.5 1 0
github.com/telleroutlook/proofctl/cmd/proofctl/cmd_cas.go:95.4,95.12 1 0
github.com/telleroutlook/proofctl/cmd/proofctl/cmd_cas.go:99.3,100.41 2 0
github.com/telleroutlook/proofctl/cmd/proofctl/cmd_cas.go:100.41,101.37 1 0
github.com/telleroutlook/proofctl/cmd/proofctl/cmd_cas.go:101.37,105.5 3 0
github.com/telleroutlook/proofctl/cmd/proofctl/cmd_cas.go:108.3,108.100 1 0
github.com/telleroutlook/proofctl/cmd/proofctl/cmd_cas.go:112.2,112.19 1 0
github.com/telleroutlook/proofctl/cmd/proofctl/cmd_cas.go:112.19,114.24 2 0
github.com/telleroutlook/proofctl/cmd/proofctl/cmd_cas.go:114.24,116.4 1 0
github.com/telleroutlook/proofctl/cmd/proofctl/cmd_cas.go:117.3,118.60 2 0
github.com/telleroutlook/proofctl/cmd/proofctl/cmd_cas.go:118.60,120.4 1 0
github.com/telleroutlook/proofctl/cmd/proofctl/cmd_cas.go:122.3,123.61 2 0
github.com/telleroutlook/proofctl/cmd/proofctl/cmd_cas.go:123.61,125.4 1 0
github.com/telleroutlook/proofctl/cmd/proofctl/cmd_cas.go:128.2,128.13 1 0
github.com/telleroutlook/proofctl/cmd/proofctl/cmd_cas.go:128.13,132.3 3 0
github.com/telleroutlook/proofctl/cmd/proofctl/cmd_cas.go:132.8,133.29 1 0
github.com/telleroutlook/proofctl/cmd/proofctl/cmd_cas.go:133.29,134.21 1 0
github.com/telleroutlook/proofctl/cmd/proofctl/cmd_cas.go:134.21,136.13 2 0
github.com/telleroutlook/proofctl/cmd/proofctl/cmd_cas.go:138.4,139.17 2 0
github.com/telleroutlook/proofctl/cmd/proofctl/cmd_cas.go:139.17,141.5 1 0
github.com/telleroutlook/proofctl/cmd/proofctl/cmd_cas.go:142.4,142.65 1 0
github.com/telleroutlook/proofctl/cmd/proofctl/cmd_cas.go:144.3,144.20 1 0
github.com/telleroutlook/proofctl/cmd/proofctl/cmd_cas.go:144.20,146.4 1 0
github.com/telleroutlook/proofctl/cmd/proofctl/cmd_cas.go:150.46,152.39 2 0
github.com/telleroutlook/proofctl/cmd/proofctl/cmd_cas.go:152.39,154.3 1 0
github.com/telleroutlook/proofctl/cmd/proofctl/cmd_cas.go:156.2,161.116 5 0
github.com/telleroutlook/proofctl/cmd/proofctl/cmd_cas.go:161.116,162.17 1 0
github.com/telleroutlook/proofctl/cmd/proofctl/cmd_cas.go:162.17,165.4 2 0
github.com/telleroutlook/proofctl/cmd/proofctl/cmd_cas.go:166.3,166.16 1 0
github.com/telleroutlook/proofctl/cmd/proofctl/cmd_cas.go:166.16,168.4 1 0
github.com/telleroutlook/proofctl/cmd/proofctl/cmd_cas.go:169.3,170.17 2 0
github.com/telleroutlook/proofctl/cmd/proofctl/cmd_cas.go:170.17,173.4 2 0
github.com/telleroutlook/proofctl/cmd/proofctl/cmd_cas.go:174.3,177.13 4 0
github.com/telleroutlook/proofctl/cmd/proofctl/cmd_cas.go:179.2,179.20 1 0
github.com/telleroutlook/proofctl/cmd/proofctl/cmd_cas.go:179.20,181.3 1 0
github.com/telleroutlook/proofctl/cmd/proofctl/cmd_cas.go:183.2,183.13 1 0
github.com/telleroutlook/proofctl/cmd/proofctl/cmd_cas.go:183.13,186.3 2 0
github.com/telleroutlook/proofctl/cmd/proofctl/cmd_cas.go:186.8,187.32 1 0
github.com/telleroutlook/proofctl/cmd/proofctl/cmd_cas.go:187.32,189.4 1 0
github.com/telleroutlook/proofctl/cmd/proofctl/cmd_cas.go:190.3,190.22 1 0
github.com/telleroutlook/proofctl/cmd/proofctl/cmd_cas.go:190.22,193.4 2 0
github.com/telleroutlook/proofctl/cmd/proofctl/cmd_cas.go:194.3,194.27 1 0
github.com/telleroutlook/proofctl/cmd/proofctl/cmd_cas.go:194.27,196.4 1 0
github.com/telleroutlook/proofctl/cmd/proofctl/cmd_check.go:12.41,13.13 1 0
github.com/telleroutlook/proofctl/cmd/proofctl/cmd_check.go:13.13,17.3 3 0
github.com/telleroutlook/proofctl/cmd/proofctl/cmd_check.go:18.2,19.12 2 0
github.com/telleroutlook/proofctl/cmd/proofctl/cmd_compile.go:25.46,29.39 4 0
github.com/telleroutlook/proofctl/cmd/proofctl/cmd_compile.go:29.39,31.3 1 0
github.com/telleroutlook/proofctl/cmd/proofctl/cmd_compile.go:32.2,32.20 1 0
github.com/telleroutlook/proofctl/cmd/proofctl/cmd_compile.go:32.20,34.3 1 0
github.com/telleroutlook/proofctl/cmd/proofctl/cmd_compile.go:35.2,37.16 3 0
github.com/telleroutlook/proofctl/cmd/proofctl/cmd_compile.go:37.16,39.3 1 0
github.com/telleroutlook/proofctl/cmd/proofctl/cmd_compile.go:42.2,42.21 1 0
github.com/telleroutlook/proofctl/cmd/proofctl/cmd_compile.go:42.21,44.17 2 0
github.com/telleroutlook/proofctl/cmd/proofctl/cmd_compile.go:44.17,46.4 1 0
github.com/telleroutlook/proofctl/cmd/proofctl/cmd_compile.go:49.2,50.16 2 0
github.com/telleroutlook/proofctl/cmd/proofctl/cmd_compile.go:50.16,52.3 1 0
github.com/telleroutlook/proofctl/cmd/proofctl/cmd_compile.go:53.2,54.16 2 0
github.com/telleroutlook/proofctl/cmd/proofctl/cmd_compile.go:54.16,56.3 1 0
github.com/telleroutlook/proofctl/cmd/proofctl/cmd_compile.go:58.2,63.22 5 0
github.com/telleroutlook/proofctl/cmd/proofctl/cmd_compile.go:64.14,67.17 3 0
github.com/telleroutlook/proofctl/cmd/proofctl/cmd_compile.go:67.17,69.4 1 0
github.com/telleroutlook/proofctl/cmd/proofctl/cmd_compile.go:70.14,72.17 2 0
github.com/telleroutlook/proofctl/cmd/proofctl/cmd_compile.go:72.17,74.4 1 0
github.com/telleroutlook/proofctl/cmd/proofctl/cmd_compile.go:75.13,78.17 3 0
github.com/telleroutlook/proofctl/cmd/proofctl/cmd_compile.go:78.17,80.4 1 0
github.com/telleroutlook/proofctl/cmd/proofctl/cmd_compile.go:81.10,82.101 1 0
github.com/telleroutlook/proofctl/cmd/proofctl/cmd_compile.go:85.2,86.27 2 0
github.com/telleroutlook/proofctl/cmd/proofctl/cmd_compile.go:86.27,87.57 1 0
github.com/telleroutlook/proofctl/cmd/proofctl/cmd_compile.go:87.57,89.4 1 0
github.com/telleroutlook/proofctl/cmd/proofctl/cmd_compile.go:91.2,91.43 1 0
github.com/telleroutlook/proofctl/cmd/proofctl/cmd_compile.go:91.43,93.3 1 0
github.com/telleroutlook/proofctl/cmd/proofctl/cmd_compile.go:95.2,96.63 2 0
github.com/telleroutlook/proofctl/cmd/proofctl/cmd_compile.go:96.63,98.3 1 0
github.com/telleroutlook/proofctl/cmd/proofctl/cmd_compile.go:100.2,100.45 1 0
github.com/telleroutlook/proofctl/cmd/proofctl/cmd_compile.go:100.45,102.59 2 0
github.com/telleroutlook/proofctl/cmd/proofctl/cmd_compile.go:102.59,104.4 1 0
github.com/telleroutlook/proofctl/cmd/proofctl/cmd_compile.go:105.3,105.48 1 0
github.com/telleroutlook/proofctl/cmd/proofctl/cmd_compile.go:105.48,107.66 2 0
github.com/telleroutlook/proofctl/cmd/proofctl/cmd_compile.go:107.66,109.5 1 0
github.com/telleroutlook/proofctl/cmd/proofctl/cmd_compile.go:113.2,113.13 1 0
github.com/telleroutlook/proofctl/cmd/proofctl/cmd_compile.go:113.13,119.15 2 0
github.com/telleroutlook/proofctl/cmd/proofctl/cmd_compile.go:119.15,121.4 1 0
github.com/telleroutlook/proofctl/cmd/proofctl/cmd_compile.go:122.3,122.73 1 0
github.com/telleroutlook/proofctl/cmd/proofctl/cmd_compile.go:122.73,124.4 1 0
github.com/telleroutlook/proofctl/cmd/proofctl/cmd_compile.go:125.3,126.22 2 0
github.com/telleroutlook/proofctl/cmd/proofctl/cmd_compile.go:127.8,128.23 1 0
github.com/telleroutlook/proofctl/cmd/proofctl/cmd_compile.go:129.15,130.100 1 0
github.com/telleroutlook/proofctl/cmd/proofctl/cmd_compile.go:131.14,133.74 2 0
github.com/telleroutlook/proofctl/cmd/proofctl/cmd_compile.go:133.74,135.5 1 0
github.com/telleroutlook/proofctl/cmd/proofctl/cmd_compile.go:136.4,136.113 1 0
github.com/telleroutlook/proofctl/cmd/proofctl/cmd_compile.go:137.11,138.71 1 0
github.com/telleroutlook/proofctl/cmd/proofctl/cmd_compile.go:144.82,146.16 2 0
github.com/telleroutlook/proofctl/cmd/proofctl/cmd_compile.go:146.16,148.3 1 0
github.com/telleroutlook/proofctl/cmd/proofctl/cmd_compile.go:150.2,152.27 3 0
github.com/telleroutlook/proofctl/cmd/proofctl/cmd_compile.go:152.27,154.38 2 0
github.com/telleroutlook/proofctl/cmd/proofctl/cmd_compile.go:154.38,156.4 1 0
github.com/telleroutlook/proofctl/cmd/proofctl/cmd_compile.go:156.9,158.4 1 0
github.com/telleroutlook/proofctl/cmd/proofctl/cmd_compile.go:160.2,160.22 1 0
github.com/telleroutlook/proofctl/cmd/proofctl/cmd_compile.go:164.34,166.25 2 0
github.com/telleroutlook/proofctl/cmd/proofctl/cmd_compile.go:166.25,168.3 1 0
github.com/telleroutlook/proofctl/cmd/proofctl/cmd_compile.go:169.2,169.33 1 0
github.com/telleroutlook/proofctl/cmd/proofctl/cmd_compile.go:178.84,180.16 2 0
github.com/telleroutlook/proofctl/cmd/proofctl/cmd_compile.go:180.16,182.3 1 0
github.com/telleroutlook/proofctl/cmd/proofctl/cmd_compile.go:184.2,185.27 2 0
github.com/telleroutlook/proofctl/cmd/proofctl/cmd_compile.go:185.27,187.67 2 0
github.com/telleroutlook/proofctl/cmd/proofctl/cmd_compile.go:187.67,190.4 2 0
github.com/telleroutlook/proofctl/cmd/proofctl/cmd_compile.go:193.2,193.16 1 0
github.com/telleroutlook/proofctl/cmd/proofctl/cmd_compile.go:193.16,195.3 1 0
github.com/telleroutlook/proofctl/cmd/proofctl/cmd_compile.go:197.2,199.59 3 0
github.com/telleroutlook/proofctl/cmd/proofctl/cmd_compile.go:199.59,201.3 1 0
github.com/telleroutlook/proofctl/cmd/proofctl/cmd_compile.go:202.2,202.14 1 0
github.com/telleroutlook/proofctl/cmd/proofctl/cmd_compile.go:202.14,204.3 1 0
github.com/telleroutlook/proofctl/cmd/proofctl/cmd_compile.go:205.2,205.18 1 0
github.com/telleroutlook/proofctl/cmd/proofctl/cmd_doctor.go:25.45,27.39 2 0
github.com/telleroutlook/proofctl/cmd/proofctl/cmd_doctor.go:27.39,29.3 1 0
github.com/telleroutlook/proofctl/cmd/proofctl/cmd_doctor.go:31.2,42.23 6 0
github.com/telleroutlook/proofctl/cmd/proofctl/cmd_doctor.go:42.23,48.3 5 0
github.com/telleroutlook/proofctl/cmd/proofctl/cmd_doctor.go:50.2,51.27 2 0
github.com/telleroutlook/proofctl/cmd/proofctl/cmd_doctor.go:51.27,52.12 1 0
github.com/telleroutlook/proofctl/cmd/proofctl/cmd_doctor.go:52.12,54.4 1 0
github.com/telleroutlook/proofctl/cmd/proofctl/cmd_doctor.go:57.2,57.13 1 0
github.com/telleroutlook/proofctl/cmd/proofctl/cmd_doctor.go:57.13,65.3 4 0
github.com/telleroutlook/proofctl/cmd/proofctl/cmd_doctor.go:65.8,66.28 1 0
github.com/telleroutlook/proofctl/cmd/proofctl/cmd_doctor.go:66.28,67.12 1 0
github.com/telleroutlook/proofctl/cmd/proofctl/cmd_doctor.go:67.12,69.5 1 0
github.com/telleroutlook/proofctl/cmd/proofctl/cmd_doctor.go:69.10,71.20 2 0
github.com/telleroutlook/proofctl/cmd/proofctl/cmd_doctor.go:71.20,73.6 1 0
github.com/telleroutlook/proofctl/cmd/proofctl/cmd_doctor.go:78.2,78.12 1 0
github.com/telleroutlook/proofctl/cmd/proofctl/cmd_doctor.go:78.12,80.3 1 0
github.com/telleroutlook/proofctl/cmd/proofctl/cmd_doctor.go:83.40,85.16 2 0
github.com/telleroutlook/proofctl/cmd/proofctl/cmd_doctor.go:85.16,92.3 1 0
github.com/telleroutlook/proofctl/cmd/proofctl/cmd_doctor.go:93.2,97.3 1 0
github.com/telleroutlook/proofctl/cmd/proofctl/cmd_doctor.go:100.60,101.16 1 0
github.com/telleroutlook/proofctl/cmd/proofctl/cmd_doctor.go:101.16,108.3 1 0
github.com/telleroutlook/proofctl/cmd/proofctl/cmd_doctor.go:109.2,113.3 1 0
github.com/telleroutlook/proofctl/cmd/proofctl/cmd_doctor.go:116.42,118.15 2 0
github.com/telleroutlook/proofctl/cmd/proofctl/cmd_doctor.go:118.15,125.3 1 0
github.com/telleroutlook/proofctl/cmd/proofctl/cmd_doctor.go:126.2,130.3 1 0
github.com/telleroutlook/proofctl/cmd/proofctl/cmd_doctor.go:133.49,135.15 2 0
github.com/telleroutlook/proofctl/cmd/proofctl/cmd_doctor.go:135.15,142.3 1 0
github.com/telleroutlook/proofctl/cmd/proofctl/cmd_doctor.go:144.2,149.33 4 0
github.com/telleroutlook/proofctl/cmd/proofctl/cmd_doctor.go:149.33,150.51 1 0
github.com/telleroutlook/proofctl/cmd/proofctl/cmd_doctor.go:150.51,152.4 1 0
github.com/telleroutlook/proofctl/cmd/proofctl/cmd_doctor.go:152.9,159.4 1 0
github.com/telleroutlook/proofctl/cmd/proofctl/cmd_doctor.go:162.2,163.16 2 0
github.com/telleroutlook/proofctl/cmd/proofctl/cmd_doctor.go:163.16,170.3 1 0
github.com/telleroutlook/proofctl/cmd/proofctl/cmd_doctor.go:171.2,171.28 1 0
github.com/telleroutlook/proofctl/cmd/proofctl/cmd_doctor.go:171.28,178.3 1 0
github.com/telleroutlook/proofctl/cmd/proofctl/cmd_doctor.go:179.2,183.3 1 0
github.com/telleroutlook/proofctl/cmd/proofctl/cmd_doctor.go:188.56,191.27 3 0
github.com/telleroutlook/proofctl/cmd/proofctl/cmd_doctor.go:191.27,198.3 1 0
github.com/telleroutlook/proofctl/cmd/proofctl/cmd_doctor.go:199.2,199.15 1 0
github.com/telleroutlook/proofctl/cmd/proofctl/cmd_doctor.go:199.15,205.3 1 0
github.com/telleroutlook/proofctl/cmd/proofctl/cmd_doctor.go:206.2,210.3 1 0
github.com/telleroutlook/proofctl/cmd/proofctl/cmd_doctor.go:215.45,217.15 2 0
github.com/telleroutlook/proofctl/cmd/proofctl/cmd_doctor.go:217.15,219.3 1 0
github.com/telleroutlook/proofctl/cmd/proofctl/cmd_doctor.go:220.2,220.33 1 0
github.com/telleroutlook/proofctl/cmd/proofctl/cmd_doctor.go:220.33,221.39 1 0
github.com/telleroutlook/proofctl/cmd/proofctl/cmd_doctor.go:221.39,222.54 1 0
github.com/telleroutlook/proofctl/cmd/proofctl/cmd_doctor.go:222.54,224.5 1 0
github.com/telleroutlook/proofctl/cmd/proofctl/cmd_doctor.go:227.2,227.14 1 0
github.com/telleroutlook/proofctl/cmd/proofctl/cmd_doctor.go:231.50,233.15 2 0
github.com/telleroutlook/proofctl/cmd/proofctl/cmd_doctor.go:233.15,239.3 1 0
github.com/telleroutlook/proofctl/cmd/proofctl/cmd_doctor.go:240.2,242.33 3 0
github.com/telleroutlook/proofctl/cmd/proofctl/cmd_doctor.go:242.33,243.63 1 0
github.com/telleroutlook/proofctl/cmd/proofctl/cmd_doctor.go:243.63,245.4 1 0
github.com/telleroutlook/proofctl/cmd/proofctl/cmd_doctor.go:247.2,247.23 1 0
github.com/telleroutlook/proofctl/cmd/proofctl/cmd_doctor.go:247.23,254.3 1 0
github.com/telleroutlook/proofctl/cmd/proofctl/cmd_doctor.go:255.2,259.3 1 0
github.com/telleroutlook/proofctl/cmd/proofctl/cmd_doctor.go:264.48,266.40 2 0
github.com/telleroutlook/proofctl/cmd/proofctl/cmd_doctor.go:266.40,272.3 1 0
github.com/telleroutlook/proofctl/cmd/proofctl/cmd_doctor.go:274.2,276.37 3 0
github.com/telleroutlook/proofctl/cmd/proofctl/cmd_doctor.go:276.37,283.3 1 0
github.com/telleroutlook/proofctl/cmd/proofctl/cmd_doctor.go:284.2,288.3 1 0
github.com/telleroutlook/proofctl/cmd/proofctl/cmd_doctor.go:292.52,294.16 2 0
github.com/telleroutlook/proofctl/cmd/proofctl/cmd_doctor.go:294.16,296.3 1 0
github.com/telleroutlook/proofctl/cmd/proofctl/cmd_doctor.go:297.2,298.16 2 0
github.com/telleroutlook/proofctl/cmd/proofctl/cmd_doctor.go:298.16,300.3 1 0
github.com/telleroutlook/proofctl/cmd/proofctl/cmd_doctor.go:301.2,301.11 1 0
github.com/telleroutlook/proofctl/cmd/proofctl/cmd_domains.go:12.46,13.41 1 0
github.com/telleroutlook/proofctl/cmd/proofctl/cmd_domains.go:13.41,15.3 1 0
github.com/telleroutlook/proofctl/cmd/proofctl/cmd_domains.go:17.2,17.13 1 0
github.com/telleroutlook/proofctl/cmd/proofctl/cmd_domains.go:17.13,26.43 3 0
github.com/telleroutlook/proofctl/cmd/proofctl/cmd_domains.go:26.43,34.4 1 0
github.com/telleroutlook/proofctl/cmd/proofctl/cmd_domains.go:35.3,38.9 4 0
github.com/telleroutlook/proofctl/cmd/proofctl/cmd_domains.go:41.2,43.42 3 0
github.com/telleroutlook/proofctl/cmd/proofctl/cmd_domains.go:43.42,45.24 2 0
github.com/telleroutlook/proofctl/cmd/proofctl/cmd_domains.go:45.24,47.4 1 0
github.com/telleroutlook/proofctl/cmd/proofctl/cmd_domains.go:48.3,49.29 2 0
github.com/telleroutlook/proofctl/cmd/proofctl/cmd_domains.go:49.29,51.4 1 0
github.com/telleroutlook/proofctl/cmd/proofctl/cmd_domains.go:52.3,53.28 2 0
github.com/telleroutlook/proofctl/cmd/proofctl/cmd_domains.go:53.28,55.4 1 0
github.com/telleroutlook/proofctl/cmd/proofctl/cmd_domains.go:56.3,56.91 1 0
github.com/telleroutlook/proofctl/cmd/proofctl/cmd_env.go:25.42,26.20 1 0
github.com/telleroutlook/proofctl/cmd/proofctl/cmd_env.go:26.20,28.3 1 0
github.com/telleroutlook/proofctl/cmd/proofctl/cmd_env.go:29.2,29.17 1 0
github.com/telleroutlook/proofctl/cmd/proofctl/cmd_env.go:30.16,31.34 1 0
github.com/telleroutlook/proofctl/cmd/proofctl/cmd_env.go:32.18,33.36 1 0
github.com/telleroutlook/proofctl/cmd/proofctl/cmd_env.go:34.10,35.102 1 0
github.com/telleroutlook/proofctl/cmd/proofctl/cmd_env.go:39.48,42.39 3 0
github.com/telleroutlook/proofctl/cmd/proofctl/cmd_env.go:42.39,44.3 1 0
github.com/telleroutlook/proofctl/cmd/proofctl/cmd_env.go:46.2,47.16 2 0
github.com/telleroutlook/proofctl/cmd/proofctl/cmd_env.go:47.16,49.3 1 0
github.com/telleroutlook/proofctl/cmd/proofctl/cmd_env.go:50.2,51.52 2 0
github.com/telleroutlook/proofctl/cmd/proofctl/cmd_env.go:51.52,53.3 1 0
github.com/telleroutlook/proofctl/cmd/proofctl/cmd_env.go:55.2,65.52 4 0
github.com/telleroutlook/proofctl/cmd/proofctl/cmd_env.go:65.52,69.17 4 0
github.com/telleroutlook/proofctl/cmd/proofctl/cmd_env.go:69.17,71.4 1 0
github.com/telleroutlook/proofctl/cmd/proofctl/cmd_env.go:71.9,73.4 1 0
github.com/telleroutlook/proofctl/cmd/proofctl/cmd_env.go:74.3,75.13 2 0
github.com/telleroutlook/proofctl/cmd/proofctl/cmd_env.go:75.13,77.4 1 0
github.com/telleroutlook/proofctl/cmd/proofctl/cmd_env.go:78.3,83.5 1 0
github.com/telleroutlook/proofctl/cmd/proofctl/cmd_env.go:87.2,87.44 1 0
github.com/telleroutlook/proofctl/cmd/proofctl/cmd_env.go:87.44,90.13 3 0
github.com/telleroutlook/proofctl/cmd/proofctl/cmd_env.go:90.13,92.4 1 0
github.com/telleroutlook/proofctl/cmd/proofctl/cmd_env.go:93.3,98.5 1 0
github.com/telleroutlook/proofctl/cmd/proofctl/cmd_env.go:101.2,101.13 1 0
github.com/telleroutlook/proofctl/cmd/proofctl/cmd_env.go:101.13,106.3 4 0
github.com/telleroutlook/proofctl/cmd/proofctl/cmd_env.go:107.2,109.27 3 0
github.com/telleroutlook/proofctl/cmd/proofctl/cmd_env.go:109.27,111.15 2 0
github.com/telleroutlook/proofctl/cmd/proofctl/cmd_env.go:111.15,113.4 1 0
github.com/telleroutlook/proofctl/cmd/proofctl/cmd_env.go:114.3,114.77 1 0
github.com/telleroutlook/proofctl/cmd/proofctl/cmd_env.go:116.2,116.10 1 0
github.com/telleroutlook/proofctl/cmd/proofctl/cmd_env.go:116.10,118.3 1 0
github.com/telleroutlook/proofctl/cmd/proofctl/cmd_env.go:118.8,121.3 2 0
github.com/telleroutlook/proofctl/cmd/proofctl/cmd_env.go:124.50,128.39 4 0
github.com/telleroutlook/proofctl/cmd/proofctl/cmd_env.go:128.39,130.3 1 0
github.com/telleroutlook/proofctl/cmd/proofctl/cmd_env.go:132.2,141.84 3 0
github.com/telleroutlook/proofctl/cmd/proofctl/cmd_env.go:141.84,143.3 1 0
github.com/telleroutlook/proofctl/cmd/proofctl/cmd_env.go:143.8,145.3 1 0
github.com/telleroutlook/proofctl/cmd/proofctl/cmd_env.go:148.2,149.69 2 0
github.com/telleroutlook/proofctl/cmd/proofctl/cmd_env.go:149.69,151.22 2 0
github.com/telleroutlook/proofctl/cmd/proofctl/cmd_env.go:151.22,153.82 2 0
github.com/telleroutlook/proofctl/cmd/proofctl/cmd_env.go:153.82,154.13 1 0
github.com/telleroutlook/proofctl/cmd/proofctl/cmd_env.go:157.4,157.51 1 0
github.com/telleroutlook/proofctl/cmd/proofctl/cmd_env.go:157.51,161.5 3 0
github.com/telleroutlook/proofctl/cmd/proofctl/cmd_env.go:163.8,165.3 1 0
github.com/telleroutlook/proofctl/cmd/proofctl/cmd_env.go:167.2,169.60 3 0
github.com/telleroutlook/proofctl/cmd/proofctl/cmd_env.go:169.60,171.3 1 0
github.com/telleroutlook/proofctl/cmd/proofctl/cmd_env.go:173.2,173.13 1 0
github.com/telleroutlook/proofctl/cmd/proofctl/cmd_env.go:173.13,182.3 3 0
github.com/telleroutlook/proofctl/cmd/proofctl/cmd_env.go:183.2,184.29 2 0
github.com/telleroutlook/proofctl/cmd/proofctl/cmd_env.go:184.29,186.3 1 0
github.com/telleroutlook/proofctl/cmd/proofctl/cmd_env.go:187.2,190.89 4 0
github.com/telleroutlook/proofctl/cmd/proofctl/cmd_env.go:197.49,200.16 3 0
github.com/telleroutlook/proofctl/cmd/proofctl/cmd_env.go:200.16,202.91 1 0
github.com/telleroutlook/proofctl/cmd/proofctl/cmd_env.go:202.91,204.4 1 0
github.com/telleroutlook/proofctl/cmd/proofctl/cmd_env.go:205.3,205.81 1 0
github.com/telleroutlook/proofctl/cmd/proofctl/cmd_env.go:207.2,207.56 1 0
github.com/telleroutlook/proofctl/cmd/proofctl/cmd_env.go:207.56,208.59 1 0
github.com/telleroutlook/proofctl/cmd/proofctl/cmd_env.go:208.59,210.4 1 0
github.com/telleroutlook/proofctl/cmd/proofctl/cmd_env.go:212.2,212.11 1 0
github.com/telleroutlook/proofctl/cmd/proofctl/cmd_env.go:217.39,219.54 2 0
github.com/telleroutlook/proofctl/cmd/proofctl/cmd_env.go:219.54,221.3 1 0
github.com/telleroutlook/proofctl/cmd/proofctl/cmd_env.go:222.2,223.9 2 0
github.com/telleroutlook/proofctl/cmd/proofctl/cmd_env.go:224.42,225.16 1 0
github.com/telleroutlook/proofctl/cmd/proofctl/cmd_env.go:226.41,227.15 1 0
github.com/telleroutlook/proofctl/cmd/proofctl/cmd_env.go:228.10,229.16 1 0
github.com/telleroutlook/proofctl/cmd/proofctl/cmd_explain.go:15.46,16.20 1 0
github.com/telleroutlook/proofctl/cmd/proofctl/cmd_explain.go:16.20,18.3 1 0
github.com/telleroutlook/proofctl/cmd/proofctl/cmd_explain.go:19.2,24.14 4 0
github.com/telleroutlook/proofctl/cmd/proofctl/cmd_explain.go:24.14,26.3 1 0
github.com/telleroutlook/proofctl/cmd/proofctl/cmd_explain.go:28.2,32.13 4 0
github.com/telleroutlook/proofctl/cmd/proofctl/cmd_explain.go:32.13,50.17 3 0
github.com/telleroutlook/proofctl/cmd/proofctl/cmd_explain.go:50.17,54.4 3 0
github.com/telleroutlook/proofctl/cmd/proofctl/cmd_explain.go:55.3,58.9 4 0
github.com/telleroutlook/proofctl/cmd/proofctl/cmd_explain.go:61.2,64.16 4 0
github.com/telleroutlook/proofctl/cmd/proofctl/cmd_explain.go:64.16,66.47 2 0
github.com/telleroutlook/proofctl/cmd/proofctl/cmd_explain.go:66.47,68.4 1 0
github.com/telleroutlook/proofctl/cmd/proofctl/cmd_explain.go:69.3,70.28 2 0
github.com/telleroutlook/proofctl/cmd/proofctl/cmd_explain.go:70.28,72.4 1 0
github.com/telleroutlook/proofctl/cmd/proofctl/cmd_explain.go:74.2,74.26 1 0
github.com/telleroutlook/proofctl/cmd/proofctl/cmd_explain.go:74.26,76.3 1 0
github.com/telleroutlook/proofctl/cmd/proofctl/cmd_explain.go:77.2,77.51 1 0
github.com/telleroutlook/proofctl/cmd/proofctl/cmd_explain.go:77.51,79.33 2 0
github.com/telleroutlook/proofctl/cmd/proofctl/cmd_explain.go:79.33,81.11 2 0
github.com/telleroutlook/proofctl/cmd/proofctl/cmd_explain.go:81.11,82.13 1 0
github.com/telleroutlook/proofctl/cmd/proofctl/cmd_explain.go:84.4,86.49 1 0
github.com/telleroutlook/proofctl/cmd/proofctl/cmd_explain.go:86.49,88.5 1 0
github.com/telleroutlook/proofctl/cmd/proofctl/cmd_export.go:14.45,19.39 5 0
github.com/telleroutlook/proofctl/cmd/proofctl/cmd_export.go:19.39,21.3 1 0
github.com/telleroutlook/proofctl/cmd/proofctl/cmd_export.go:22.2,22.22 1 0
github.com/telleroutlook/proofctl/cmd/proofctl/cmd_export.go:22.22,24.3 1 0
github.com/telleroutlook/proofctl/cmd/proofctl/cmd_export.go:25.2,25.27 1 0
github.com/telleroutlook/proofctl/cmd/proofctl/cmd_export.go:25.27,27.3 1 0
github.com/telleroutlook/proofctl/cmd/proofctl/cmd_export.go:29.2,32.9 3 0
github.com/telleroutlook/proofctl/cmd/proofctl/cmd_export.go:32.9,34.3 1 0
github.com/telleroutlook/proofctl/cmd/proofctl/cmd_export.go:35.2,35.46 1 0
github.com/telleroutlook/proofctl/cmd/proofctl/cmd_export.go:35.46,37.3 1 0
github.com/telleroutlook/proofctl/cmd/proofctl/cmd_export.go:39.2,39.21 1 0
github.com/telleroutlook/proofctl/cmd/proofctl/cmd_export.go:40.14,42.20 2 0
github.com/telleroutlook/proofctl/cmd/proofctl/cmd_export.go:42.20,44.4 1 0
github.com/telleroutlook/proofctl/cmd/proofctl/cmd_export.go:45.3,45.77 1 0
github.com/telleroutlook/proofctl/cmd/proofctl/cmd_export.go:45.77,47.4 1 0
github.com/telleroutlook/proofctl/cmd/proofctl/cmd_export.go:52.96,59.30 4 0
github.com/telleroutlook/proofctl/cmd/proofctl/cmd_export.go:59.30,60.22 1 0
github.com/telleroutlook/proofctl/cmd/proofctl/cmd_export.go:60.22,62.9 2 0
github.com/telleroutlook/proofctl/cmd/proofctl/cmd_export.go:66.2,85.62 18 0
github.com/telleroutlook/proofctl/cmd/proofctl/cmd_export.go:85.62,87.3 1 0
github.com/telleroutlook/proofctl/cmd/proofctl/cmd_export.go:89.2,89.13 1 0
github.com/telleroutlook/proofctl/cmd/proofctl/cmd_export.go:89.13,98.3 2 0
github.com/telleroutlook/proofctl/cmd/proofctl/cmd_export.go:98.8,102.3 3 0
github.com/telleroutlook/proofctl/cmd/proofctl/cmd_export.go:103.2,103.12 1 0
github.com/telleroutlook/proofctl/cmd/proofctl/cmd_export.go:107.40,109.2 1 0
github.com/telleroutlook/proofctl/cmd/proofctl/cmd_export.go:113.42,116.23 2 0
github.com/telleroutlook/proofctl/cmd/proofctl/cmd_export.go:116.23,117.10 1 0
github.com/telleroutlook/proofctl/cmd/proofctl/cmd_export.go:118.83,119.18 1 0
github.com/telleroutlook/proofctl/cmd/proofctl/cmd_export.go:120.11,121.20 1 0
github.com/telleroutlook/proofctl/cmd/proofctl/cmd_export.go:124.2,124.19 1 0
github.com/telleroutlook/proofctl/cmd/proofctl/cmd_frontier.go:14.47,15.20 1 0
github.com/telleroutlook/proofctl/cmd/proofctl/cmd_frontier.go:15.20,17.3 1 0
github.com/telleroutlook/proofctl/cmd/proofctl/cmd_frontier.go:18.2,22.29 3 0
github.com/telleroutlook/proofctl/cmd/proofctl/cmd_frontier.go:22.29,24.3 1 0
github.com/telleroutlook/proofctl/cmd/proofctl/cmd_frontier.go:26.2,27.16 2 0
github.com/telleroutlook/proofctl/cmd/proofctl/cmd_frontier.go:27.16,29.3 1 0
github.com/telleroutlook/proofctl/cmd/proofctl/cmd_frontier.go:31.2,32.35 2 0
github.com/telleroutlook/proofctl/cmd/proofctl/cmd_frontier.go:32.35,34.54 2 0
github.com/telleroutlook/proofctl/cmd/proofctl/cmd_frontier.go:34.54,36.4 1 0
github.com/telleroutlook/proofctl/cmd/proofctl/cmd_frontier.go:38.2,40.13 2 0
github.com/telleroutlook/proofctl/cmd/proofctl/cmd_frontier.go:40.13,49.3 5 0
github.com/telleroutlook/proofctl/cmd/proofctl/cmd_frontier.go:51.2,51.24 1 0
github.com/telleroutlook/proofctl/cmd/proofctl/cmd_frontier.go:51.24,54.3 2 0
github.com/telleroutlook/proofctl/cmd/proofctl/cmd_frontier.go:55.2,56.31 2 0
github.com/telleroutlook/proofctl/cmd/proofctl/cmd_frontier.go:56.31,58.3 1 0
github.com/telleroutlook/proofctl/cmd/proofctl/cmd_graph.go:15.44,26.21 8 0
github.com/telleroutlook/proofctl/cmd/proofctl/cmd_graph.go:26.21,28.3 1 0
github.com/telleroutlook/proofctl/cmd/proofctl/cmd_graph.go:30.2,37.13 2 0
github.com/telleroutlook/proofctl/cmd/proofctl/cmd_graph.go:37.13,40.19 3 0
github.com/telleroutlook/proofctl/cmd/proofctl/cmd_graph.go:40.19,41.30 1 0
github.com/telleroutlook/proofctl/cmd/proofctl/cmd_graph.go:41.30,43.5 1 0
github.com/telleroutlook/proofctl/cmd/proofctl/cmd_graph.go:44.4,45.18 2 0
github.com/telleroutlook/proofctl/cmd/proofctl/cmd_graph.go:45.18,47.5 1 0
github.com/telleroutlook/proofctl/cmd/proofctl/cmd_graph.go:48.4,50.31 3 0
github.com/telleroutlook/proofctl/cmd/proofctl/cmd_graph.go:50.31,52.5 1 0
github.com/telleroutlook/proofctl/cmd/proofctl/cmd_graph.go:53.4,53.29 1 0
github.com/telleroutlook/proofctl/cmd/proofctl/cmd_graph.go:53.29,54.23 1 0
github.com/telleroutlook/proofctl/cmd/proofctl/cmd_graph.go:54.23,56.25 2 0
github.com/telleroutlook/proofctl/cmd/proofctl/cmd_graph.go:56.25,58.7 1 0
github.com/telleroutlook/proofctl/cmd/proofctl/cmd_graph.go:59.6,59.33 1 0
github.com/telleroutlook/proofctl/cmd/proofctl/cmd_graph.go:62.9,63.29 1 0
github.com/telleroutlook/proofctl/cmd/proofctl/cmd_graph.go:63.29,65.24 2 0
github.com/telleroutlook/proofctl/cmd/proofctl/cmd_graph.go:65.24,67.6 1 0
github.com/telleroutlook/proofctl/cmd/proofctl/cmd_graph.go:68.5,68.32 1 0
github.com/telleroutlook/proofctl/cmd/proofctl/cmd_graph.go:71.3,74.9 4 0
github.com/telleroutlook/proofctl/cmd/proofctl/cmd_graph.go:77.2,78.27 2 0
github.com/telleroutlook/proofctl/cmd/proofctl/cmd_graph.go:78.27,79.19 1 0
github.com/telleroutlook/proofctl/cmd/proofctl/cmd_graph.go:79.19,81.18 2 0
github.com/telleroutlook/proofctl/cmd/proofctl/cmd_graph.go:81.18,83.5 1 0
github.com/telleroutlook/proofctl/cmd/proofctl/cmd_graph.go:84.4,86.31 3 0
github.com/telleroutlook/proofctl/cmd/proofctl/cmd_graph.go:86.31,88.5 1 0
github.com/telleroutlook/proofctl/cmd/proofctl/cmd_graph.go:89.4,89.23 1 0
github.com/telleroutlook/proofctl/cmd/proofctl/cmd_graph.go:89.23,90.13 1 0
github.com/telleroutlook/proofctl/cmd/proofctl/cmd_graph.go:93.3,94.17 2 0
github.com/telleroutlook/proofctl/cmd/proofctl/cmd_graph.go:94.17,96.4 1 0
github.com/telleroutlook/proofctl/cmd/proofctl/cmd_graph.go:97.3,97.22 1 0
github.com/telleroutlook/proofctl/cmd/proofctl/cmd_graph.go:97.22,99.4 1 0
github.com/telleroutlook/proofctl/cmd/proofctl/cmd_graph.go:99.9,101.4 1 0
github.com/telleroutlook/proofctl/cmd/proofctl/cmd_impact.go:13.45,14.20 1 0
github.com/telleroutlook/proofctl/cmd/proofctl/cmd_impact.go:14.20,16.3 1 0
github.com/telleroutlook/proofctl/cmd/proofctl/cmd_impact.go:17.2,21.29 3 0
github.com/telleroutlook/proofctl/cmd/proofctl/cmd_impact.go:21.29,23.3 1 0
github.com/telleroutlook/proofctl/cmd/proofctl/cmd_impact.go:25.2,26.16 2 0
github.com/telleroutlook/proofctl/cmd/proofctl/cmd_impact.go:26.16,28.3 1 0
github.com/telleroutlook/proofctl/cmd/proofctl/cmd_impact.go:29.2,31.13 2 0
github.com/telleroutlook/proofctl/cmd/proofctl/cmd_impact.go:31.13,40.3 5 0
github.com/telleroutlook/proofctl/cmd/proofctl/cmd_impact.go:42.2,42.22 1 0
github.com/telleroutlook/proofctl/cmd/proofctl/cmd_impact.go:42.22,45.3 2 0
github.com/telleroutlook/proofctl/cmd/proofctl/cmd_impact.go:46.2,47.28 2 0
github.com/telleroutlook/proofctl/cmd/proofctl/cmd_impact.go:47.28,49.3 1 0
github.com/telleroutlook/proofctl/cmd/proofctl/cmd_init.go:15.43,19.39 4 0
github.com/telleroutlook/proofctl/cmd/proofctl/cmd_init.go:19.39,21.3 1 0
github.com/telleroutlook/proofctl/cmd/proofctl/cmd_init.go:23.2,24.19 2 0
github.com/telleroutlook/proofctl/cmd/proofctl/cmd_init.go:24.19,26.3 1 0
github.com/telleroutlook/proofctl/cmd/proofctl/cmd_init.go:27.2,28.16 2 0
github.com/telleroutlook/proofctl/cmd/proofctl/cmd_init.go:28.16,30.3 1 0
github.com/telleroutlook/proofctl/cmd/proofctl/cmd_init.go:33.2,35.23 3 0
github.com/telleroutlook/proofctl/cmd/proofctl/cmd_init.go:35.23,37.17 2 0
github.com/telleroutlook/proofctl/cmd/proofctl/cmd_init.go:37.17,39.4 1 0
github.com/telleroutlook/proofctl/cmd/proofctl/cmd_init.go:40.3,41.43 2 0
github.com/telleroutlook/proofctl/cmd/proofctl/cmd_init.go:41.43,43.4 1 0
github.com/telleroutlook/proofctl/cmd/proofctl/cmd_init.go:46.2,46.53 1 0
github.com/telleroutlook/proofctl/cmd/proofctl/cmd_init.go:46.53,48.3 1 0
github.com/telleroutlook/proofctl/cmd/proofctl/cmd_init.go:50.2,51.60 2 0
github.com/telleroutlook/proofctl/cmd/proofctl/cmd_init.go:51.60,53.3 1 0
github.com/telleroutlook/proofctl/cmd/proofctl/cmd_init.go:56.2,56.20 1 0
github.com/telleroutlook/proofctl/cmd/proofctl/cmd_init.go:56.20,57.49 1 0
github.com/telleroutlook/proofctl/cmd/proofctl/cmd_init.go:57.49,59.4 1 0
github.com/telleroutlook/proofctl/cmd/proofctl/cmd_init.go:62.2,62.13 1 0
github.com/telleroutlook/proofctl/cmd/proofctl/cmd_init.go:62.13,66.21 2 0
github.com/telleroutlook/proofctl/cmd/proofctl/cmd_init.go:66.21,69.4 2 0
github.com/telleroutlook/proofctl/cmd/proofctl/cmd_init.go:69.9,69.30 1 0
github.com/telleroutlook/proofctl/cmd/proofctl/cmd_init.go:69.30,71.4 1 0
github.com/telleroutlook/proofctl/cmd/proofctl/cmd_init.go:71.9,73.4 1 0
github.com/telleroutlook/proofctl/cmd/proofctl/cmd_init.go:74.3,75.22 2 0
github.com/telleroutlook/proofctl/cmd/proofctl/cmd_init.go:76.8,78.21 2 0
github.com/telleroutlook/proofctl/cmd/proofctl/cmd_init.go:78.21,81.27 3 0
github.com/telleroutlook/proofctl/cmd/proofctl/cmd_init.go:81.27,83.5 1 0
github.com/telleroutlook/proofctl/cmd/proofctl/cmd_init.go:84.4,85.120 2 0
github.com/telleroutlook/proofctl/cmd/proofctl/cmd_init.go:86.9,86.30 1 0
github.com/telleroutlook/proofctl/cmd/proofctl/cmd_init.go:86.30,88.4 1 0
github.com/telleroutlook/proofctl/cmd/proofctl/cmd_init.go:88.9,90.4 1 0
github.com/telleroutlook/proofctl/cmd/proofctl/cmd_key.go:19.42,20.20 1 0
github.com/telleroutlook/proofctl/cmd/proofctl/cmd_key.go:20.20,22.3 1 0
github.com/telleroutlook/proofctl/cmd/proofctl/cmd_key.go:23.2,23.17 1 0
github.com/telleroutlook/proofctl/cmd/proofctl/cmd_key.go:24.18,25.36 1 0
github.com/telleroutlook/proofctl/cmd/proofctl/cmd_key.go:26.14,27.32 1 0
github.com/telleroutlook/proofctl/cmd/proofctl/cmd_key.go:28.10,29.115 1 0
github.com/telleroutlook/proofctl/cmd/proofctl/cmd_key.go:33.50,36.39 3 0
github.com/telleroutlook/proofctl/cmd/proofctl/cmd_key.go:36.39,38.3 1 0
github.com/telleroutlook/proofctl/cmd/proofctl/cmd_key.go:40.2,42.16 3 0
github.com/telleroutlook/proofctl/cmd/proofctl/cmd_key.go:42.16,44.3 1 0
github.com/telleroutlook/proofctl/cmd/proofctl/cmd_key.go:46.2,47.48 2 0
github.com/telleroutlook/proofctl/cmd/proofctl/cmd_key.go:47.48,49.3 1 0
github.com/telleroutlook/proofctl/cmd/proofctl/cmd_key.go:51.2,52.16 2 0
github.com/telleroutlook/proofctl/cmd/proofctl/cmd_key.go:52.16,54.3 1 0
github.com/telleroutlook/proofctl/cmd/proofctl/cmd_key.go:56.2,59.48 3 0
github.com/telleroutlook/proofctl/cmd/proofctl/cmd_key.go:59.48,61.3 1 0
github.com/telleroutlook/proofctl/cmd/proofctl/cmd_key.go:62.2,62.46 1 0
github.com/telleroutlook/proofctl/cmd/proofctl/cmd_key.go:62.46,64.3 1 0
github.com/telleroutlook/proofctl/cmd/proofctl/cmd_key.go:67.2,69.13 2 0
github.com/telleroutlook/proofctl/cmd/proofctl/cmd_key.go:69.13,77.3 2 0
github.com/telleroutlook/proofctl/cmd/proofctl/cmd_key.go:77.8,82.3 4 0
github.com/telleroutlook/proofctl/cmd/proofctl/cmd_key.go:85.46,87.39 2 0
github.com/telleroutlook/proofctl/cmd/proofctl/cmd_key.go:87.39,89.3 1 0
github.com/telleroutlook/proofctl/cmd/proofctl/cmd_key.go:91.2,93.16 3 0
github.com/telleroutlook/proofctl/cmd/proofctl/cmd_key.go:93.16,95.3 1 0
github.com/telleroutlook/proofctl/cmd/proofctl/cmd_key.go:97.2,99.16 3 0
github.com/telleroutlook/proofctl/cmd/proofctl/cmd_key.go:99.16,100.25 1 0
github.com/telleroutlook/proofctl/cmd/proofctl/cmd_key.go:100.25,101.15 1 0
github.com/telleroutlook/proofctl/cmd/proofctl/cmd_key.go:101.15,103.5 1 0
github.com/telleroutlook/proofctl/cmd/proofctl/cmd_key.go:103.10,105.5 1 0
github.com/telleroutlook/proofctl/cmd/proofctl/cmd_key.go:106.4,106.10 1 0
github.com/telleroutlook/proofctl/cmd/proofctl/cmd_key.go:108.3,108.67 1 0
github.com/telleroutlook/proofctl/cmd/proofctl/cmd_key.go:111.2,117.28 3 0
github.com/telleroutlook/proofctl/cmd/proofctl/cmd_key.go:117.28,118.56 1 0
github.com/telleroutlook/proofctl/cmd/proofctl/cmd_key.go:118.56,119.12 1 0
github.com/telleroutlook/proofctl/cmd/proofctl/cmd_key.go:121.3,124.17 4 0
github.com/telleroutlook/proofctl/cmd/proofctl/cmd_key.go:124.17,125.12 1 0
github.com/telleroutlook/proofctl/cmd/proofctl/cmd_key.go:127.3,127.82 1 0
github.com/telleroutlook/proofctl/cmd/proofctl/cmd_key.go:130.2,130.13 1 0
github.com/telleroutlook/proofctl/cmd/proofctl/cmd_key.go:130.13,134.3 3 0
github.com/telleroutlook/proofctl/cmd/proofctl/cmd_key.go:134.8,135.21 1 0
github.com/telleroutlook/proofctl/cmd/proofctl/cmd_key.go:135.21,138.4 2 0
github.com/telleroutlook/proofctl/cmd/proofctl/cmd_key.go:139.3,139.27 1 0
github.com/telleroutlook/proofctl/cmd/proofctl/cmd_key.go:139.27,141.4 1 0
github.com/telleroutlook/proofctl/cmd/proofctl/cmd_key.go:146.44,149.45 3 0
github.com/telleroutlook/proofctl/cmd/proofctl/cmd_key.go:149.45,151.3 1 0
github.com/telleroutlook/proofctl/cmd/proofctl/cmd_key.go:152.2,153.16 2 0
github.com/telleroutlook/proofctl/cmd/proofctl/cmd_key.go:153.16,155.3 1 0
github.com/telleroutlook/proofctl/cmd/proofctl/cmd_key.go:156.2,156.15 1 0
github.com/telleroutlook/proofctl/cmd/proofctl/cmd_key.go:156.15,156.32 1 0
github.com/telleroutlook/proofctl/cmd/proofctl/cmd_key.go:157.2,157.61 1 0
github.com/telleroutlook/proofctl/cmd/proofctl/cmd_key.go:157.61,159.3 1 0
github.com/telleroutlook/proofctl/cmd/proofctl/cmd_key.go:160.2,161.51 2 0
github.com/telleroutlook/proofctl/cmd/proofctl/cmd_pin.go:19.42,20.44 1 0
github.com/telleroutlook/proofctl/cmd/proofctl/cmd_pin.go:20.44,22.3 1 0
github.com/telleroutlook/proofctl/cmd/proofctl/cmd_pin.go:23.2,23.34 1 0
github.com/telleroutlook/proofctl/cmd/proofctl/cmd_pin.go:26.49,31.39 5 0
github.com/telleroutlook/proofctl/cmd/proofctl/cmd_pin.go:31.39,33.3 1 0
github.com/telleroutlook/proofctl/cmd/proofctl/cmd_pin.go:34.2,34.20 1 0
github.com/telleroutlook/proofctl/cmd/proofctl/cmd_pin.go:34.20,36.3 1 0
github.com/telleroutlook/proofctl/cmd/proofctl/cmd_pin.go:38.2,43.16 4 0
github.com/telleroutlook/proofctl/cmd/proofctl/cmd_pin.go:43.16,45.3 1 0
github.com/telleroutlook/proofctl/cmd/proofctl/cmd_pin.go:46.2,47.16 2 0
github.com/telleroutlook/proofctl/cmd/proofctl/cmd_pin.go:47.16,49.3 1 0
github.com/telleroutlook/proofctl/cmd/proofctl/cmd_pin.go:51.2,51.27 1 0
github.com/telleroutlook/proofctl/cmd/proofctl/cmd_pin.go:51.27,53.3 1 0
github.com/telleroutlook/proofctl/cmd/proofctl/cmd_pin.go:56.2,57.20 2 0
github.com/telleroutlook/proofctl/cmd/proofctl/cmd_pin.go:57.20,59.3 1 0
github.com/telleroutlook/proofctl/cmd/proofctl/cmd_pin.go:61.2,62.24 2 0
github.com/telleroutlook/proofctl/cmd/proofctl/cmd_pin.go:62.24,64.3 1 0
github.com/telleroutlook/proofctl/cmd/proofctl/cmd_pin.go:67.2,69.16 3 0
github.com/telleroutlook/proofctl/cmd/proofctl/cmd_pin.go:69.16,71.3 1 0
github.com/telleroutlook/proofctl/cmd/proofctl/cmd_pin.go:74.2,75.21 2 0
github.com/telleroutlook/proofctl/cmd/proofctl/cmd_pin.go:75.21,77.17 2 0
github.com/telleroutlook/proofctl/cmd/proofctl/cmd_pin.go:77.17,79.4 1 0
github.com/telleroutlook/proofctl/cmd/proofctl/cmd_pin.go:81.3,81.99 1 0
github.com/telleroutlook/proofctl/cmd/proofctl/cmd_pin.go:81.99,83.4 1 0
github.com/telleroutlook/proofctl/cmd/proofctl/cmd_pin.go:83.9,85.4 1 0
github.com/telleroutlook/proofctl/cmd/proofctl/cmd_pin.go:89.2,90.33 2 0
github.com/telleroutlook/proofctl/cmd/proofctl/cmd_pin.go:90.33,91.24 1 0
github.com/telleroutlook/proofctl/cmd/proofctl/cmd_pin.go:91.24,92.12 1 0
github.com/telleroutlook/proofctl/cmd/proofctl/cmd_pin.go:94.3,102.8 4 0
github.com/telleroutlook/proofctl/cmd/proofctl/cmd_pin.go:104.2,104.14 1 0
github.com/telleroutlook/proofctl/cmd/proofctl/cmd_pin.go:104.14,106.34 2 0
github.com/telleroutlook/proofctl/cmd/proofctl/cmd_pin.go:106.34,108.4 1 0
github.com/telleroutlook/proofctl/cmd/proofctl/cmd_pin.go:109.3,111.45 1 0
github.com/telleroutlook/proofctl/cmd/proofctl/cmd_pin.go:115.2,117.59 3 0
github.com/telleroutlook/proofctl/cmd/proofctl/cmd_pin.go:117.59,119.3 1 0
github.com/telleroutlook/proofctl/cmd/proofctl/cmd_pin.go:122.2,123.60 2 0
github.com/telleroutlook/proofctl/cmd/proofctl/cmd_pin.go:123.60,125.3 1 0
github.com/telleroutlook/proofctl/cmd/proofctl/cmd_pin.go:128.2,128.34 1 0
github.com/telleroutlook/proofctl/cmd/proofctl/cmd_pin.go:128.34,130.3 1 0
github.com/telleroutlook/proofctl/cmd/proofctl/cmd_pin.go:132.2,132.13 1 0
github.com/telleroutlook/proofctl/cmd/proofctl/cmd_pin.go:132.13,139.23 2 0
github.com/telleroutlook/proofctl/cmd/proofctl/cmd_pin.go:139.23,142.4 2 0
github.com/telleroutlook/proofctl/cmd/proofctl/cmd_pin.go:142.9,144.4 1 0
github.com/telleroutlook/proofctl/cmd/proofctl/cmd_pin.go:145.3,146.22 2 0
github.com/telleroutlook/proofctl/cmd/proofctl/cmd_pin.go:147.8,151.23 4 0
github.com/telleroutlook/proofctl/cmd/proofctl/cmd_pin.go:151.23,153.4 1 0
github.com/telleroutlook/proofctl/cmd/proofctl/cmd_pin.go:154.3,154.43 1 0
github.com/telleroutlook/proofctl/cmd/proofctl/cmd_pin.go:159.44,161.16 2 0
github.com/telleroutlook/proofctl/cmd/proofctl/cmd_pin.go:161.16,163.3 1 0
github.com/telleroutlook/proofctl/cmd/proofctl/cmd_pin.go:164.2,164.15 1 0
github.com/telleroutlook/proofctl/cmd/proofctl/cmd_pin.go:164.15,164.32 1 0
github.com/telleroutlook/proofctl/cmd/proofctl/cmd_pin.go:165.2,166.41 2 0
github.com/telleroutlook/proofctl/cmd/proofctl/cmd_pin.go:166.41,168.3 1 0
github.com/telleroutlook/proofctl/cmd/proofctl/cmd_pin.go:169.2,169.50 1 0
github.com/telleroutlook/proofctl/cmd/proofctl/cmd_release.go:16.46,52.17 14 0
github.com/telleroutlook/proofctl/cmd/proofctl/cmd_release.go:52.17,54.14 2 0
github.com/telleroutlook/proofctl/cmd/proofctl/cmd_release.go:54.14,56.33 2 0
github.com/telleroutlook/proofctl/cmd/proofctl/cmd_release.go:56.33,58.5 1 0
github.com/telleroutlook/proofctl/cmd/proofctl/cmd_release.go:59.4,66.24 2 0
github.com/telleroutlook/proofctl/cmd/proofctl/cmd_release.go:66.24,68.5 1 0
github.com/telleroutlook/proofctl/cmd/proofctl/cmd_release.go:69.4,72.10 4 0
github.com/telleroutlook/proofctl/cmd/proofctl/cmd_release.go:74.3,74.11 1 0
github.com/telleroutlook/proofctl/cmd/proofctl/cmd_release.go:74.11,76.4 1 0
github.com/telleroutlook/proofctl/cmd/proofctl/cmd_release.go:76.9,79.33 3 0
github.com/telleroutlook/proofctl/cmd/proofctl/cmd_release.go:79.33,81.18 2 0
github.com/telleroutlook/proofctl/cmd/proofctl/cmd_release.go:81.18,83.6 1 0
github.com/telleroutlook/proofctl/cmd/proofctl/cmd_release.go:84.5,84.24 1 0
github.com/telleroutlook/proofctl/cmd/proofctl/cmd_release.go:84.24,86.6 1 0
github.com/telleroutlook/proofctl/cmd/proofctl/cmd_release.go:86.11,88.6 1 0
github.com/telleroutlook/proofctl/cmd/proofctl/cmd_release.go:90.4,91.51 2 0
github.com/telleroutlook/proofctl/cmd/proofctl/cmd_release.go:91.51,93.5 1 0
github.com/telleroutlook/proofctl/cmd/proofctl/cmd_release.go:94.4,94.41 1 0
github.com/telleroutlook/proofctl/cmd/proofctl/cmd_release.go:94.41,96.5 1 0
github.com/telleroutlook/proofctl/cmd/proofctl/cmd_release.go:97.4,97.41 1 0
github.com/telleroutlook/proofctl/cmd/proofctl/cmd_release.go:99.3,99.9 1 0
github.com/telleroutlook/proofctl/cmd/proofctl/cmd_release.go:102.2,103.16 2 0
github.com/telleroutlook/proofctl/cmd/proofctl/cmd_release.go:103.16,105.3 1 0
github.com/telleroutlook/proofctl/cmd/proofctl/cmd_release.go:107.2,107.13 1 0
github.com/telleroutlook/proofctl/cmd/proofctl/cmd_release.go:107.13,109.32 2 0
github.com/telleroutlook/proofctl/cmd/proofctl/cmd_release.go:109.32,111.4 1 0
github.com/telleroutlook/proofctl/cmd/proofctl/cmd_release.go:112.3,119.11 2 0
github.com/telleroutlook/proofctl/cmd/proofctl/cmd_release.go:119.11,121.4 1 0
github.com/telleroutlook/proofctl/cmd/proofctl/cmd_release.go:122.3,122.23 1 0
github.com/telleroutlook/proofctl/cmd/proofctl/cmd_release.go:122.23,124.4 1 0
github.com/telleroutlook/proofctl/cmd/proofctl/cmd_release.go:125.3,128.9 4 0
github.com/telleroutlook/proofctl/cmd/proofctl/cmd_release.go:131.2,131.10 1 0
github.com/telleroutlook/proofctl/cmd/proofctl/cmd_release.go:131.10,134.3 2 0
github.com/telleroutlook/proofctl/cmd/proofctl/cmd_release.go:134.8,137.32 3 0
github.com/telleroutlook/proofctl/cmd/proofctl/cmd_release.go:137.32,139.17 2 0
github.com/telleroutlook/proofctl/cmd/proofctl/cmd_release.go:139.17,141.5 1 0
github.com/telleroutlook/proofctl/cmd/proofctl/cmd_release.go:142.4,142.23 1 0
github.com/telleroutlook/proofctl/cmd/proofctl/cmd_release.go:142.23,144.5 1 0
github.com/telleroutlook/proofctl/cmd/proofctl/cmd_release.go:144.10,146.5 1 0
github.com/telleroutlook/proofctl/cmd/proofctl/cmd_release.go:148.3,149.30 2 0
github.com/telleroutlook/proofctl/cmd/proofctl/cmd_release.go:149.30,151.4 1 0
github.com/telleroutlook/proofctl/cmd/proofctl/cmd_release.go:152.3,152.40 1 0
github.com/telleroutlook/proofctl/cmd/proofctl/cmd_release.go:152.40,154.4 1 0
github.com/telleroutlook/proofctl/cmd/proofctl/cmd_release.go:155.3,155.40 1 0
github.com/telleroutlook/proofctl/cmd/proofctl/cmd_release.go:160.80,162.36 2 0
github.com/telleroutlook/proofctl/cmd/proofctl/cmd_release.go:162.36,163.28 1 0
github.com/telleroutlook/proofctl/cmd/proofctl/cmd_release.go:163.28,165.4 1 0
github.com/telleroutlook/proofctl/cmd/proofctl/cmd_release.go:167.2,167.16 1 0
github.com/telleroutlook/proofctl/cmd/proofctl/cmd_replay.go:24.41,24.74 1 0
github.com/telleroutlook/proofctl/cmd/proofctl/cmd_replay.go:25.41,25.75 2 0
github.com/telleroutlook/proofctl/cmd/proofctl/cmd_replay.go:64.45,78.39 11 0
github.com/telleroutlook/proofctl/cmd/proofctl/cmd_replay.go:78.39,80.3 1 0
github.com/telleroutlook/proofctl/cmd/proofctl/cmd_replay.go:82.2,82.24 1 0
github.com/telleroutlook/proofctl/cmd/proofctl/cmd_replay.go:82.24,84.3 1 0
github.com/telleroutlook/proofctl/cmd/proofctl/cmd_replay.go:86.2,88.9 2 0
github.com/telleroutlook/proofctl/cmd/proofctl/cmd_replay.go:89.57,90.48 1 0
github.com/telleroutlook/proofctl/cmd/proofctl/cmd_replay.go:90.48,94.4 1 0
github.com/telleroutlook/proofctl/cmd/proofctl/cmd_replay.go:95.3,95.32 1 0
github.com/telleroutlook/proofctl/cmd/proofctl/cmd_replay.go:95.32,97.4 1 0
github.com/telleroutlook/proofctl/cmd/proofctl/cmd_replay.go:98.50,100.85 1 0
github.com/telleroutlook/proofctl/cmd/proofctl/cmd_replay.go:101.10,103.106 1 0
github.com/telleroutlook/proofctl/cmd/proofctl/cmd_replay.go:107.2,107.26 1 0
github.com/telleroutlook/proofctl/cmd/proofctl/cmd_replay.go:107.26,108.47 1 0
github.com/telleroutlook/proofctl/cmd/proofctl/cmd_replay.go:108.47,111.4 1 0
github.com/telleroutlook/proofctl/cmd/proofctl/cmd_replay.go:114.2,115.22 2 0
github.com/telleroutlook/proofctl/cmd/proofctl/cmd_replay.go:115.22,117.3 1 0
github.com/telleroutlook/proofctl/cmd/proofctl/cmd_replay.go:118.2,118.22 1 0
github.com/telleroutlook/proofctl/cmd/proofctl/cmd_replay.go:118.22,120.3 1 0
github.com/telleroutlook/proofctl/cmd/proofctl/cmd_replay.go:122.2,126.17 4 0
github.com/telleroutlook/proofctl/cmd/proofctl/cmd_replay.go:126.17,129.3 2 0
github.com/telleroutlook/proofctl/cmd/proofctl/cmd_replay.go:131.2,134.26 3 0
github.com/telleroutlook/proofctl/cmd/proofctl/cmd_replay.go:134.26,138.39 2 0
github.com/telleroutlook/proofctl/cmd/proofctl/cmd_replay.go:138.39,140.36 2 0
github.com/telleroutlook/proofctl/cmd/proofctl/cmd_replay.go:140.36,142.5 1 0
github.com/telleroutlook/proofctl/cmd/proofctl/cmd_replay.go:142.10,142.35 1 0
github.com/telleroutlook/proofctl/cmd/proofctl/cmd_replay.go:142.35,144.5 1 0
github.com/telleroutlook/proofctl/cmd/proofctl/cmd_replay.go:148.3,150.44 3 0
github.com/telleroutlook/proofctl/cmd/proofctl/cmd_replay.go:150.44,152.4 1 0
github.com/telleroutlook/proofctl/cmd/proofctl/cmd_replay.go:152.9,154.18 2 0
github.com/telleroutlook/proofctl/cmd/proofctl/cmd_replay.go:154.18,156.5 1 0
github.com/telleroutlook/proofctl/cmd/proofctl/cmd_replay.go:157.4,159.18 3 0
github.com/telleroutlook/proofctl/cmd/proofctl/cmd_replay.go:161.3,161.14 1 0
github.com/telleroutlook/proofctl/cmd/proofctl/cmd_replay.go:161.14,163.4 1 0
github.com/telleroutlook/proofctl/cmd/proofctl/cmd_replay.go:166.3,168.15 3 0
github.com/telleroutlook/proofctl/cmd/proofctl/cmd_replay.go:168.15,170.4 1 0
github.com/telleroutlook/proofctl/cmd/proofctl/cmd_replay.go:171.3,172.20 2 0
github.com/telleroutlook/proofctl/cmd/proofctl/cmd_replay.go:172.20,174.23 2 0
github.com/telleroutlook/proofctl/cmd/proofctl/cmd_replay.go:174.23,176.5 1 0
github.com/telleroutlook/proofctl/cmd/proofctl/cmd_replay.go:177.4,177.16 1 0
github.com/telleroutlook/proofctl/cmd/proofctl/cmd_replay.go:177.16,179.5 1 0
github.com/telleroutlook/proofctl/cmd/proofctl/cmd_replay.go:180.4,182.12 3 0
github.com/telleroutlook/proofctl/cmd/proofctl/cmd_replay.go:186.3,187.17 2 0
github.com/telleroutlook/proofctl/cmd/proofctl/cmd_replay.go:187.17,189.4 1 0
github.com/telleroutlook/proofctl/cmd/proofctl/cmd_replay.go:190.3,191.42 2 0
github.com/telleroutlook/proofctl/cmd/proofctl/cmd_replay.go:191.42,194.4 2 0
github.com/telleroutlook/proofctl/cmd/proofctl/cmd_replay.go:195.3,201.15 5 0
github.com/telleroutlook/proofctl/cmd/proofctl/cmd_replay.go:201.15,203.4 1 0
github.com/telleroutlook/proofctl/cmd/proofctl/cmd_replay.go:204.3,208.37 5 0
github.com/telleroutlook/proofctl/cmd/proofctl/cmd_replay.go:208.37,210.4 1 0
github.com/telleroutlook/proofctl/cmd/proofctl/cmd_replay.go:211.3,215.19 3 0
github.com/telleroutlook/proofctl/cmd/proofctl/cmd_replay.go:215.19,217.4 1 0
github.com/telleroutlook/proofctl/cmd/proofctl/cmd_replay.go:218.3,218.19 1 0
github.com/telleroutlook/proofctl/cmd/proofctl/cmd_replay.go:218.19,220.27 2 0
github.com/telleroutlook/proofctl/cmd/proofctl/cmd_replay.go:220.27,222.5 1 0
github.com/telleroutlook/proofctl/cmd/proofctl/cmd_replay.go:223.4,223.24 1 0
github.com/telleroutlook/proofctl/cmd/proofctl/cmd_replay.go:223.24,225.5 1 0
github.com/telleroutlook/proofctl/cmd/proofctl/cmd_replay.go:225.10,227.5 1 0
github.com/telleroutlook/proofctl/cmd/proofctl/cmd_replay.go:230.3,240.35 2 0
github.com/telleroutlook/proofctl/cmd/proofctl/cmd_replay.go:240.35,242.4 1 0
github.com/telleroutlook/proofctl/cmd/proofctl/cmd_replay.go:243.3,243.15 1 0
github.com/telleroutlook/proofctl/cmd/proofctl/cmd_replay.go:243.15,244.34 1 0
github.com/telleroutlook/proofctl/cmd/proofctl/cmd_replay.go:244.34,246.5 1 0
github.com/telleroutlook/proofctl/cmd/proofctl/cmd_replay.go:246.10,247.21 1 0
github.com/telleroutlook/proofctl/cmd/proofctl/cmd_replay.go:247.21,249.6 1 0
github.com/telleroutlook/proofctl/cmd/proofctl/cmd_replay.go:250.5,250.21 1 0
github.com/telleroutlook/proofctl/cmd/proofctl/cmd_replay.go:250.21,252.29 2 0
github.com/telleroutlook/proofctl/cmd/proofctl/cmd_replay.go:252.29,254.7 1 0
github.com/telleroutlook/proofctl/cmd/proofctl/cmd_replay.go:255.6,255.19 1 0
github.com/telleroutlook/proofctl/cmd/proofctl/cmd_replay.go:262.2,263.13 2 0
github.com/telleroutlook/proofctl/cmd/proofctl/cmd_replay.go:263.13,266.27 3 0
github.com/telleroutlook/proofctl/cmd/proofctl/cmd_replay.go:266.27,269.4 2 0
github.com/telleroutlook/proofctl/cmd/proofctl/cmd_replay.go:270.3,271.20 2 0
github.com/telleroutlook/proofctl/cmd/proofctl/cmd_replay.go:271.20,273.4 1 0
github.com/telleroutlook/proofctl/cmd/proofctl/cmd_replay.go:274.3,291.55 3 0
github.com/telleroutlook/proofctl/cmd/proofctl/cmd_replay.go:291.55,293.4 1 0
github.com/telleroutlook/proofctl/cmd/proofctl/cmd_replay.go:294.3,296.77 3 0
github.com/telleroutlook/proofctl/cmd/proofctl/cmd_replay.go:296.77,298.4 1 0
github.com/telleroutlook/proofctl/cmd/proofctl/cmd_replay.go:299.8,302.3 1 0
github.com/telleroutlook/proofctl/cmd/proofctl/cmd_replay.go:304.2,304.13 1 0
github.com/telleroutlook/proofctl/cmd/proofctl/cmd_replay.go:304.13,315.31 3 0
github.com/telleroutlook/proofctl/cmd/proofctl/cmd_replay.go:315.31,325.4 1 0
github.com/telleroutlook/proofctl/cmd/proofctl/cmd_replay.go:326.3,336.22 4 0
github.com/telleroutlook/proofctl/cmd/proofctl/cmd_replay.go:337.8,343.14 6 0
github.com/telleroutlook/proofctl/cmd/proofctl/cmd_replay.go:343.14,345.4 1 0
github.com/telleroutlook/proofctl/cmd/proofctl/cmd_replay.go:345.9,347.32 2 0
github.com/telleroutlook/proofctl/cmd/proofctl/cmd_replay.go:347.32,348.45 1 0
github.com/telleroutlook/proofctl/cmd/proofctl/cmd_replay.go:348.45,350.30 2 0
github.com/telleroutlook/proofctl/cmd/proofctl/cmd_replay.go:350.30,353.7 1 0
github.com/telleroutlook/proofctl/cmd/proofctl/cmd_replay.go:356.4,356.14 1 0
github.com/telleroutlook/proofctl/cmd/proofctl/cmd_replay.go:362.99,374.26 5 0
github.com/telleroutlook/proofctl/cmd/proofctl/cmd_replay.go:374.26,378.16 4 0
github.com/telleroutlook/proofctl/cmd/proofctl/cmd_replay.go:378.16,379.35 1 0
github.com/telleroutlook/proofctl/cmd/proofctl/cmd_replay.go:379.35,380.51 1 0
github.com/telleroutlook/proofctl/cmd/proofctl/cmd_replay.go:380.51,382.11 2 0
github.com/telleroutlook/proofctl/cmd/proofctl/cmd_replay.go:386.3,392.25 2 0
github.com/telleroutlook/proofctl/cmd/proofctl/cmd_replay.go:392.25,394.4 1 0
github.com/telleroutlook/proofctl/cmd/proofctl/cmd_replay.go:397.2,399.27 3 0
github.com/telleroutlook/proofctl/cmd/proofctl/cmd_replay.go:399.27,400.59 1 0
github.com/telleroutlook/proofctl/cmd/proofctl/cmd_replay.go:400.59,402.4 1 0
github.com/telleroutlook/proofctl/cmd/proofctl/cmd_replay.go:402.9,402.68 1 0
github.com/telleroutlook/proofctl/cmd/proofctl/cmd_replay.go:402.68,404.4 1 0
github.com/telleroutlook/proofctl/cmd/proofctl/cmd_replay.go:406.2,406.24 1 0
github.com/telleroutlook/proofctl/cmd/proofctl/cmd_replay.go:406.24,408.3 1 0
github.com/telleroutlook/proofctl/cmd/proofctl/cmd_replay.go:410.2,410.13 1 0
github.com/telleroutlook/proofctl/cmd/proofctl/cmd_replay.go:410.13,422.3 4 0
github.com/telleroutlook/proofctl/cmd/proofctl/cmd_replay.go:424.2,426.23 3 0
github.com/telleroutlook/proofctl/cmd/proofctl/cmd_replay.go:426.23,428.3 1 0
github.com/telleroutlook/proofctl/cmd/proofctl/cmd_replay.go:428.8,430.3 1 0
github.com/telleroutlook/proofctl/cmd/proofctl/cmd_replay.go:431.2,431.27 1 0
github.com/telleroutlook/proofctl/cmd/proofctl/cmd_replay.go:431.27,433.16 2 0
github.com/telleroutlook/proofctl/cmd/proofctl/cmd_replay.go:433.16,434.25 1 0
github.com/telleroutlook/proofctl/cmd/proofctl/cmd_replay.go:434.25,436.5 1 0
github.com/telleroutlook/proofctl/cmd/proofctl/cmd_replay.go:436.10,438.5 1 0
github.com/telleroutlook/proofctl/cmd/proofctl/cmd_replay.go:440.3,441.29 2 0
github.com/telleroutlook/proofctl/cmd/proofctl/cmd_replay.go:441.29,443.4 1 0
github.com/telleroutlook/proofctl/cmd/proofctl/cmd_replay.go:444.3,444.111 1 0
github.com/telleroutlook/proofctl/cmd/proofctl/cmd_replay.go:446.2,446.11 1 0
github.com/telleroutlook/proofctl/cmd/proofctl/cmd_replay.go:446.11,448.3 1 0
github.com/telleroutlook/proofctl/cmd/proofctl/cmd_replay.go:448.8,451.3 2 0
github.com/telleroutlook/proofctl/cmd/proofctl/cmd_replay.go:455.48,457.22 2 0
github.com/telleroutlook/proofctl/cmd/proofctl/cmd_replay.go:457.22,459.3 1 0
github.com/telleroutlook/proofctl/cmd/proofctl/cmd_replay.go:460.2,462.19 3 0
github.com/telleroutlook/proofctl/cmd/proofctl/cmd_replay.go:467.73,469.15 2 0
github.com/telleroutlook/proofctl/cmd/proofctl/cmd_replay.go:469.15,471.3 1 0
github.com/telleroutlook/proofctl/cmd/proofctl/cmd_replay.go:472.2,472.33 1 0
github.com/telleroutlook/proofctl/cmd/proofctl/cmd_replay.go:472.33,473.47 1 0
github.com/telleroutlook/proofctl/cmd/proofctl/cmd_replay.go:473.47,474.12 1 0
github.com/telleroutlook/proofctl/cmd/proofctl/cmd_replay.go:476.3,477.17 2 0
github.com/telleroutlook/proofctl/cmd/proofctl/cmd_replay.go:477.17,479.4 1 0
github.com/telleroutlook/proofctl/cmd/proofctl/cmd_replay.go:480.3,482.17 3 0
github.com/telleroutlook/proofctl/cmd/proofctl/cmd_replay.go:482.17,484.4 1 0
github.com/telleroutlook/proofctl/cmd/proofctl/cmd_replay.go:485.3,486.17 2 0
github.com/telleroutlook/proofctl/cmd/proofctl/cmd_replay.go:486.17,488.4 1 0
github.com/telleroutlook/proofctl/cmd/proofctl/cmd_replay.go:489.3,489.26 1 0
github.com/telleroutlook/proofctl/cmd/proofctl/cmd_replay.go:489.26,492.4 1 0
github.com/telleroutlook/proofctl/cmd/proofctl/cmd_replay.go:493.3,493.19 1 0
github.com/telleroutlook/proofctl/cmd/proofctl/cmd_replay.go:495.2,495.19 1 0
github.com/telleroutlook/proofctl/cmd/proofctl/cmd_replay.go:500.91,506.48 4 0
github.com/telleroutlook/proofctl/cmd/proofctl/cmd_replay.go:506.48,508.3 1 0
github.com/telleroutlook/proofctl/cmd/proofctl/cmd_replay.go:510.2,510.25 1 0
github.com/telleroutlook/proofctl/cmd/proofctl/cmd_replay.go:510.25,513.3 2 0
github.com/telleroutlook/proofctl/cmd/proofctl/cmd_replay.go:515.2,516.27 2 0
github.com/telleroutlook/proofctl/cmd/proofctl/cmd_replay.go:516.27,518.3 1 0
github.com/telleroutlook/proofctl/cmd/proofctl/cmd_replay.go:519.2,519.27 1 0
github.com/telleroutlook/proofctl/cmd/proofctl/cmd_replay.go:519.27,521.3 1 0
github.com/telleroutlook/proofctl/cmd/proofctl/cmd_replay.go:522.2,524.25 3 0
github.com/telleroutlook/proofctl/cmd/proofctl/cmd_replay.go:524.25,527.10 3 0
github.com/telleroutlook/proofctl/cmd/proofctl/cmd_replay.go:528.15,530.18 2 0
github.com/telleroutlook/proofctl/cmd/proofctl/cmd_replay.go:531.15,533.18 2 0
github.com/telleroutlook/proofctl/cmd/proofctl/cmd_replay.go:534.21,536.18 2 0
github.com/telleroutlook/proofctl/cmd/proofctl/cmd_replay.go:539.2,539.13 1 0
github.com/telleroutlook/proofctl/cmd/proofctl/cmd_replay.go:539.13,542.3 2 0
github.com/telleroutlook/proofctl/cmd/proofctl/cmd_replay.go:542.8,544.3 1 0
github.com/telleroutlook/proofctl/cmd/proofctl/cmd_replay.go:545.2,545.12 1 0
github.com/telleroutlook/proofctl/cmd/proofctl/cmd_replay.go:549.61,551.16 2 0
github.com/telleroutlook/proofctl/cmd/proofctl/cmd_replay.go:551.16,553.3 1 0
github.com/telleroutlook/proofctl/cmd/proofctl/cmd_replay.go:554.2,554.42 1 0
github.com/telleroutlook/proofctl/cmd/proofctl/cmd_replay.go:558.75,560.22 2 0
github.com/telleroutlook/proofctl/cmd/proofctl/cmd_replay.go:560.22,562.3 1 0
github.com/telleroutlook/proofctl/cmd/proofctl/cmd_replay.go:563.2,565.16 3 0
github.com/telleroutlook/proofctl/cmd/proofctl/cmd_replay.go:565.16,567.3 1 0
github.com/telleroutlook/proofctl/cmd/proofctl/cmd_replay.go:568.2,568.42 1 0
github.com/telleroutlook/proofctl/cmd/proofctl/cmd_replay.go:571.65,573.52 2 0
github.com/telleroutlook/proofctl/cmd/proofctl/cmd_replay.go:573.52,575.3 1 0
github.com/telleroutlook/proofctl/cmd/proofctl/cmd_replay.go:576.2,577.9 2 0
github.com/telleroutlook/proofctl/cmd/proofctl/cmd_replay.go:577.9,579.3 1 0
github.com/telleroutlook/proofctl/cmd/proofctl/cmd_replay.go:580.2,581.9 2 0
github.com/telleroutlook/proofctl/cmd/proofctl/cmd_replay.go:581.9,583.3 1 0
github.com/telleroutlook/proofctl/cmd/proofctl/cmd_replay.go:584.2,585.22 2 0
github.com/telleroutlook/proofctl/cmd/proofctl/cmd_replay.go:585.22,587.3 1 0
github.com/telleroutlook/proofctl/cmd/proofctl/cmd_replay.go:588.2,588.15 1 0
github.com/telleroutlook/proofctl/cmd/proofctl/cmd_replay.go:592.108,594.28 2 0
github.com/telleroutlook/proofctl/cmd/proofctl/cmd_replay.go:594.28,595.52 1 0
github.com/telleroutlook/proofctl/cmd/proofctl/cmd_replay.go:595.52,597.9 2 0
github.com/telleroutlook/proofctl/cmd/proofctl/cmd_replay.go:600.2,600.17 1 0
github.com/telleroutlook/proofctl/cmd/proofctl/cmd_replay.go:600.17,602.3 1 0
github.com/telleroutlook/proofctl/cmd/proofctl/cmd_replay.go:604.2,625.28 4 0
github.com/telleroutlook/proofctl/cmd/proofctl/cmd_replay.go:625.28,633.3 1 0
github.com/telleroutlook/proofctl/cmd/proofctl/cmd_replay.go:635.2,639.99 5 0
github.com/telleroutlook/proofctl/cmd/proofctl/cmd_replay.go:639.99,641.3 1 0
github.com/telleroutlook/proofctl/cmd/proofctl/cmd_replay.go:644.44,645.14 1 0
github.com/telleroutlook/proofctl/cmd/proofctl/cmd_replay.go:645.14,647.3 1 0
github.com/telleroutlook/proofctl/cmd/proofctl/cmd_replay.go:648.2,648.35 1 0
github.com/telleroutlook/proofctl/cmd/proofctl/cmd_replay.go:652.43,654.26 2 0
github.com/telleroutlook/proofctl/cmd/proofctl/cmd_replay.go:654.26,656.3 1 0
github.com/telleroutlook/proofctl/cmd/proofctl/cmd_replay.go:657.2,657.34 1 0
github.com/telleroutlook/proofctl/cmd/proofctl/cmd_snapshot.go:23.47,26.39 3 0
github.com/telleroutlook/proofctl/cmd/proofctl/cmd_snapshot.go:26.39,28.3 1 0
github.com/telleroutlook/proofctl/cmd/proofctl/cmd_snapshot.go:30.2,33.21 3 0
github.com/telleroutlook/proofctl/cmd/proofctl/cmd_snapshot.go:33.21,35.3 1 0
github.com/telleroutlook/proofctl/cmd/proofctl/cmd_snapshot.go:37.2,41.30 4 0
github.com/telleroutlook/proofctl/cmd/proofctl/cmd_snapshot.go:41.30,43.3 1 0
github.com/telleroutlook/proofctl/cmd/proofctl/cmd_snapshot.go:45.2,47.16 3 0
github.com/telleroutlook/proofctl/cmd/proofctl/cmd_snapshot.go:47.16,49.3 1 0
github.com/telleroutlook/proofctl/cmd/proofctl/cmd_snapshot.go:51.2,52.16 2 0
github.com/telleroutlook/proofctl/cmd/proofctl/cmd_snapshot.go:52.16,54.3 1 0
github.com/telleroutlook/proofctl/cmd/proofctl/cmd_snapshot.go:56.2,56.13 1 0
github.com/telleroutlook/proofctl/cmd/proofctl/cmd_snapshot.go:56.13,72.3 5 0
github.com/telleroutlook/proofctl/cmd/proofctl/cmd_snapshot.go:74.2,74.73 1 0
github.com/telleroutlook/proofctl/cmd/proofctl/cmd_status.go:18.45,31.20 8 0
github.com/telleroutlook/proofctl/cmd/proofctl/cmd_status.go:31.20,33.28 2 0
github.com/telleroutlook/proofctl/cmd/proofctl/cmd_status.go:33.28,35.4 1 0
github.com/telleroutlook/proofctl/cmd/proofctl/cmd_status.go:36.3,36.26 1 0
github.com/telleroutlook/proofctl/cmd/proofctl/cmd_status.go:40.2,43.13 3 0
github.com/telleroutlook/proofctl/cmd/proofctl/cmd_status.go:43.13,51.31 3 0
github.com/telleroutlook/proofctl/cmd/proofctl/cmd_status.go:51.31,53.64 2 0
github.com/telleroutlook/proofctl/cmd/proofctl/cmd_status.go:53.64,55.5 1 0
github.com/telleroutlook/proofctl/cmd/proofctl/cmd_status.go:56.4,56.26 1 0
github.com/telleroutlook/proofctl/cmd/proofctl/cmd_status.go:56.26,58.5 1 0
github.com/telleroutlook/proofctl/cmd/proofctl/cmd_status.go:59.4,59.30 1 0
github.com/telleroutlook/proofctl/cmd/proofctl/cmd_status.go:59.30,61.5 1 0
github.com/telleroutlook/proofctl/cmd/proofctl/cmd_status.go:62.4,62.25 1 0
github.com/telleroutlook/proofctl/cmd/proofctl/cmd_status.go:64.3,71.30 3 0
github.com/telleroutlook/proofctl/cmd/proofctl/cmd_status.go:71.30,72.13 1 0
github.com/telleroutlook/proofctl/cmd/proofctl/cmd_status.go:73.27,74.20 1 0
github.com/telleroutlook/proofctl/cmd/proofctl/cmd_status.go:75.26,76.19 1 0
github.com/telleroutlook/proofctl/cmd/proofctl/cmd_status.go:77.23,78.16 1 0
github.com/telleroutlook/proofctl/cmd/proofctl/cmd_status.go:79.27,80.20 1 0
github.com/telleroutlook/proofctl/cmd/proofctl/cmd_status.go:83.3,90.38 3 0
github.com/telleroutlook/proofctl/cmd/proofctl/cmd_status.go:90.38,92.4 1 0
github.com/telleroutlook/proofctl/cmd/proofctl/cmd_status.go:93.3,102.9 5 0
github.com/telleroutlook/proofctl/cmd/proofctl/cmd_status.go:105.2,109.31 4 0
github.com/telleroutlook/proofctl/cmd/proofctl/cmd_status.go:109.31,111.12 2 0
github.com/telleroutlook/proofctl/cmd/proofctl/cmd_status.go:112.26,113.14 1 0
github.com/telleroutlook/proofctl/cmd/proofctl/cmd_status.go:114.22,115.10 1 0
github.com/telleroutlook/proofctl/cmd/proofctl/cmd_status.go:116.25,117.13 1 0
github.com/telleroutlook/proofctl/cmd/proofctl/cmd_status.go:118.26,119.14 1 0
github.com/telleroutlook/proofctl/cmd/proofctl/cmd_status.go:122.3,123.63 2 0
github.com/telleroutlook/proofctl/cmd/proofctl/cmd_status.go:123.63,125.4 1 0
github.com/telleroutlook/proofctl/cmd/proofctl/cmd_status.go:125.9,125.32 1 0
github.com/telleroutlook/proofctl/cmd/proofctl/cmd_status.go:125.32,127.4 1 0
github.com/telleroutlook/proofctl/cmd/proofctl/cmd_status.go:128.3,129.29 2 0
github.com/telleroutlook/proofctl/cmd/proofctl/cmd_status.go:129.29,131.4 1 0
github.com/telleroutlook/proofctl/cmd/proofctl/cmd_status.go:132.3,133.45 2 0
github.com/telleroutlook/proofctl/cmd/proofctl/cmd_status.go:133.45,134.65 1 0
github.com/telleroutlook/proofctl/cmd/proofctl/cmd_status.go:134.65,136.34 2 0
github.com/telleroutlook/proofctl/cmd/proofctl/cmd_status.go:136.34,138.6 1 0
github.com/telleroutlook/proofctl/cmd/proofctl/cmd_status.go:139.5,140.28 2 0
github.com/telleroutlook/proofctl/cmd/proofctl/cmd_status.go:140.28,142.6 1 0
github.com/telleroutlook/proofctl/cmd/proofctl/cmd_status.go:146.2,148.26 2 0
github.com/telleroutlook/proofctl/cmd/proofctl/cmd_status.go:148.26,150.3 1 0
github.com/telleroutlook/proofctl/cmd/proofctl/cmd_status.go:150.8,152.3 1 0
github.com/telleroutlook/proofctl/cmd/proofctl/cmd_status.go:154.2,154.33 1 0
github.com/telleroutlook/proofctl/cmd/proofctl/cmd_status.go:154.33,156.38 2 0
github.com/telleroutlook/proofctl/cmd/proofctl/cmd_status.go:156.38,158.4 1 0
github.com/telleroutlook/proofctl/cmd/proofctl/cmd_status.go:159.3,161.26 3 0
github.com/telleroutlook/proofctl/cmd/proofctl/cmd_status.go:161.26,163.4 1 0
github.com/telleroutlook/proofctl/cmd/proofctl/cmd_status.go:171.63,173.31 2 0
github.com/telleroutlook/proofctl/cmd/proofctl/cmd_status.go:173.31,174.46 1 0
github.com/telleroutlook/proofctl/cmd/proofctl/cmd_status.go:174.46,175.12 1 0
github.com/telleroutlook/proofctl/cmd/proofctl/cmd_status.go:177.3,177.27 1 0
github.com/telleroutlook/proofctl/cmd/proofctl/cmd_status.go:177.27,179.4 1 0
github.com/telleroutlook/proofctl/cmd/proofctl/cmd_status.go:179.9,181.4 1 0
github.com/telleroutlook/proofctl/cmd/proofctl/cmd_status.go:183.2,183.16 1 0
github.com/telleroutlook/proofctl/cmd/proofctl/cmd_status.go:189.20,191.31 2 0
github.com/telleroutlook/proofctl/cmd/proofctl/cmd_status.go:191.31,193.39 2 0
github.com/telleroutlook/proofctl/cmd/proofctl/cmd_status.go:193.39,195.4 1 0
github.com/telleroutlook/proofctl/cmd/proofctl/cmd_status.go:197.2,197.15 1 0
github.com/telleroutlook/proofctl/cmd/proofctl/cmd_status.go:202.67,203.22 1 0
github.com/telleroutlook/proofctl/cmd/proofctl/cmd_status.go:203.22,205.3 1 0
github.com/telleroutlook/proofctl/cmd/proofctl/cmd_status.go:206.2,208.16 3 0
github.com/telleroutlook/proofctl/cmd/proofctl/cmd_status.go:208.16,210.3 1 0
github.com/telleroutlook/proofctl/cmd/proofctl/cmd_status.go:211.2,214.71 2 0
github.com/telleroutlook/proofctl/cmd/proofctl/cmd_status.go:214.71,216.3 1 0
github.com/telleroutlook/proofctl/cmd/proofctl/cmd_status.go:217.2,217.20 1 0
github.com/telleroutlook/proofctl/cmd/proofctl/cmd_verify.go:31.45,35.39 4 0
github.com/telleroutlook/proofctl/cmd/proofctl/cmd_verify.go:35.39,37.3 1 0
github.com/telleroutlook/proofctl/cmd/proofctl/cmd_verify.go:39.2,43.16 4 0
github.com/telleroutlook/proofctl/cmd/proofctl/cmd_verify.go:43.16,45.3 1 0
github.com/telleroutlook/proofctl/cmd/proofctl/cmd_verify.go:47.2,66.40 5 0
github.com/telleroutlook/proofctl/cmd/proofctl/cmd_verify.go:66.40,68.19 2 0
github.com/telleroutlook/proofctl/cmd/proofctl/cmd_verify.go:68.19,70.4 1 0
github.com/telleroutlook/proofctl/cmd/proofctl/cmd_verify.go:71.3,71.10 1 0
github.com/telleroutlook/proofctl/cmd/proofctl/cmd_verify.go:72.24,73.56 1 0
github.com/telleroutlook/proofctl/cmd/proofctl/cmd_verify.go:74.34,75.53 1 0
github.com/telleroutlook/proofctl/cmd/proofctl/cmd_verify.go:76.11,77.78 1 0
github.com/telleroutlook/proofctl/cmd/proofctl/cmd_verify.go:81.2,81.46 1 0
github.com/telleroutlook/proofctl/cmd/proofctl/cmd_verify.go:81.46,83.19 2 0
github.com/telleroutlook/proofctl/cmd/proofctl/cmd_verify.go:83.19,85.4 1 0
github.com/telleroutlook/proofctl/cmd/proofctl/cmd_verify.go:86.3,88.13 3 0
github.com/telleroutlook/proofctl/cmd/proofctl/cmd_verify.go:88.13,90.4 1 0
github.com/telleroutlook/proofctl/cmd/proofctl/cmd_verify.go:91.3,93.64 2 0
github.com/telleroutlook/proofctl/cmd/proofctl/cmd_verify.go:93.64,95.4 1 0
github.com/telleroutlook/proofctl/cmd/proofctl/cmd_verify.go:96.3,97.20 2 0
github.com/telleroutlook/proofctl/cmd/proofctl/cmd_verify.go:97.20,99.4 1 0
github.com/telleroutlook/proofctl/cmd/proofctl/cmd_verify.go:100.3,105.4 1 0
github.com/telleroutlook/proofctl/cmd/proofctl/cmd_verify.go:110.2,110.64 1 0
github.com/telleroutlook/proofctl/cmd/proofctl/cmd_verify.go:110.64,111.28 1 0
github.com/telleroutlook/proofctl/cmd/proofctl/cmd_verify.go:111.28,113.4 1 0
github.com/telleroutlook/proofctl/cmd/proofctl/cmd_verify.go:114.3,116.13 3 0
github.com/telleroutlook/proofctl/cmd/proofctl/cmd_verify.go:116.13,118.34 2 0
github.com/telleroutlook/proofctl/cmd/proofctl/cmd_verify.go:118.34,120.5 1 0
github.com/telleroutlook/proofctl/cmd/proofctl/cmd_verify.go:121.4,121.14 1 0
github.com/telleroutlook/proofctl/cmd/proofctl/cmd_verify.go:123.3,123.64 1 0
github.com/telleroutlook/proofctl/cmd/proofctl/cmd_verify.go:123.64,125.4 1 0
github.com/telleroutlook/proofctl/cmd/proofctl/cmd_verify.go:127.3,129.10 3 0
github.com/telleroutlook/proofctl/cmd/proofctl/cmd_verify.go:129.10,132.34 2 0
github.com/telleroutlook/proofctl/cmd/proofctl/cmd_verify.go:132.34,134.5 1 0
github.com/telleroutlook/proofctl/cmd/proofctl/cmd_verify.go:135.4,135.14 1 0
github.com/telleroutlook/proofctl/cmd/proofctl/cmd_verify.go:137.3,139.33 1 0
github.com/telleroutlook/proofctl/cmd/proofctl/cmd_verify.go:139.33,141.35 2 0
github.com/telleroutlook/proofctl/cmd/proofctl/cmd_verify.go:141.35,143.6 1 0
github.com/telleroutlook/proofctl/cmd/proofctl/cmd_verify.go:144.5,144.15 1 0
github.com/telleroutlook/proofctl/cmd/proofctl/cmd_verify.go:148.3,149.22 2 0
github.com/telleroutlook/proofctl/cmd/proofctl/cmd_verify.go:149.22,151.34 2 0
github.com/telleroutlook/proofctl/cmd/proofctl/cmd_verify.go:151.34,153.5 1 0
github.com/telleroutlook/proofctl/cmd/proofctl/cmd_verify.go:154.4,154.14 1 0
github.com/telleroutlook/proofctl/cmd/proofctl/cmd_verify.go:157.3,159.59 3 0
github.com/telleroutlook/proofctl/cmd/proofctl/cmd_verify.go:159.59,161.34 2 0
github.com/telleroutlook/proofctl/cmd/proofctl/cmd_verify.go:161.34,164.5 1 0
github.com/telleroutlook/proofctl/cmd/proofctl/cmd_verify.go:165.4,165.14 1 0
github.com/telleroutlook/proofctl/cmd/proofctl/cmd_verify.go:167.3,167.35 1 0
github.com/telleroutlook/proofctl/cmd/proofctl/cmd_verify.go:167.35,169.13 2 0
github.com/telleroutlook/proofctl/cmd/proofctl/cmd_verify.go:169.13,171.5 1 0
github.com/telleroutlook/proofctl/cmd/proofctl/cmd_verify.go:172.4,179.25 3 0
github.com/telleroutlook/proofctl/cmd/proofctl/cmd_verify.go:179.25,182.13 2 0
github.com/telleroutlook/proofctl/cmd/proofctl/cmd_verify.go:184.4,185.85 2 0
github.com/telleroutlook/proofctl/cmd/proofctl/cmd_verify.go:185.85,188.13 2 0
github.com/telleroutlook/proofctl/cmd/proofctl/cmd_verify.go:190.4,194.5 1 0
github.com/telleroutlook/proofctl/cmd/proofctl/cmd_verify.go:196.3,197.33 2 0
github.com/telleroutlook/proofctl/cmd/proofctl/cmd_verify.go:197.33,198.37 1 0
github.com/telleroutlook/proofctl/cmd/proofctl/cmd_verify.go:198.37,200.5 1 0
github.com/telleroutlook/proofctl/cmd/proofctl/cmd_verify.go:200.10,202.5 1 0
github.com/telleroutlook/proofctl/cmd/proofctl/cmd_verify.go:204.3,204.13 1 0
github.com/telleroutlook/proofctl/cmd/proofctl/cmd_verify.go:207.2,210.18 3 0
github.com/telleroutlook/proofctl/cmd/proofctl/cmd_verify.go:210.18,212.22 2 0
github.com/telleroutlook/proofctl/cmd/proofctl/cmd_verify.go:212.22,214.4 1 0
github.com/telleroutlook/proofctl/cmd/proofctl/cmd_verify.go:216.3,219.32 3 0
github.com/telleroutlook/proofctl/cmd/proofctl/cmd_verify.go:219.32,221.29 2 0
github.com/telleroutlook/proofctl/cmd/proofctl/cmd_verify.go:221.29,223.55 2 0
github.com/telleroutlook/proofctl/cmd/proofctl/cmd_verify.go:223.55,224.14 1 0
github.com/telleroutlook/proofctl/cmd/proofctl/cmd_verify.go:226.5,226.28 1 0
github.com/telleroutlook/proofctl/cmd/proofctl/cmd_verify.go:228.4,228.22 1 0
github.com/telleroutlook/proofctl/cmd/proofctl/cmd_verify.go:228.22,229.13 1 0
github.com/telleroutlook/proofctl/cmd/proofctl/cmd_verify.go:233.4,235.28 3 0
github.com/telleroutlook/proofctl/cmd/proofctl/cmd_verify.go:235.28,237.39 2 0
github.com/telleroutlook/proofctl/cmd/proofctl/cmd_verify.go:237.39,239.6 1 0
github.com/telleroutlook/proofctl/cmd/proofctl/cmd_verify.go:239.11,241.6 1 0
github.com/telleroutlook/proofctl/cmd/proofctl/cmd_verify.go:244.4,251.39 6 0
github.com/telleroutlook/proofctl/cmd/proofctl/cmd_verify.go:251.39,253.34 2 0
github.com/telleroutlook/proofctl/cmd/proofctl/cmd_verify.go:253.34,256.19 3 0
github.com/telleroutlook/proofctl/cmd/proofctl/cmd_verify.go:256.19,256.28 1 0
github.com/telleroutlook/proofctl/cmd/proofctl/cmd_verify.go:257.6,260.17 4 0
github.com/telleroutlook/proofctl/cmd/proofctl/cmd_verify.go:263.4,267.44 3 0
github.com/telleroutlook/proofctl/cmd/proofctl/cmd_verify.go:267.44,270.5 2 0
github.com/telleroutlook/proofctl/cmd/proofctl/cmd_verify.go:272.4,272.49 1 0
github.com/telleroutlook/proofctl/cmd/proofctl/cmd_verify.go:272.49,274.5 1 0
github.com/telleroutlook/proofctl/cmd/proofctl/cmd_verify.go:275.4,275.37 1 0
github.com/telleroutlook/proofctl/cmd/proofctl/cmd_verify.go:275.37,276.53 1 0
github.com/telleroutlook/proofctl/cmd/proofctl/cmd_verify.go:276.53,278.6 1 0
github.com/telleroutlook/proofctl/cmd/proofctl/cmd_verify.go:279.5,279.17 1 0
github.com/telleroutlook/proofctl/cmd/proofctl/cmd_verify.go:279.17,281.6 1 0
github.com/telleroutlook/proofctl/cmd/proofctl/cmd_verify.go:282.5,282.35 1 0
github.com/telleroutlook/proofctl/cmd/proofctl/cmd_verify.go:285.8,286.26 1 0
github.com/telleroutlook/proofctl/cmd/proofctl/cmd_verify.go:286.26,288.4 1 0
github.com/telleroutlook/proofctl/cmd/proofctl/cmd_verify.go:289.3,291.51 3 0
github.com/telleroutlook/proofctl/cmd/proofctl/cmd_verify.go:291.51,293.4 1 0
github.com/telleroutlook/proofctl/cmd/proofctl/cmd_verify.go:294.3,294.15 1 0
github.com/telleroutlook/proofctl/cmd/proofctl/cmd_verify.go:294.15,296.4 1 0
github.com/telleroutlook/proofctl/cmd/proofctl/cmd_verify.go:297.3,297.33 1 0
github.com/telleroutlook/proofctl/cmd/proofctl/cmd_verify.go:300.2,300.13 1 0
github.com/telleroutlook/proofctl/cmd/proofctl/cmd_verify.go:300.13,304.3 3 0
github.com/telleroutlook/proofctl/cmd/proofctl/cmd_verify.go:305.2,305.19 1 0
github.com/telleroutlook/proofctl/cmd/proofctl/cmd_verify.go:305.19,307.3 1 0
github.com/telleroutlook/proofctl/cmd/proofctl/cmd_verify.go:311.61,314.16 3 0
github.com/telleroutlook/proofctl/cmd/proofctl/cmd_verify.go:314.16,316.3 1 0
github.com/telleroutlook/proofctl/cmd/proofctl/cmd_verify.go:317.2,318.16 2 0
github.com/telleroutlook/proofctl/cmd/proofctl/cmd_verify.go:318.16,320.3 1 0
github.com/telleroutlook/proofctl/cmd/proofctl/cmd_verify.go:321.2,321.11 1 0
github.com/telleroutlook/proofctl/cmd/proofctl/cmd_verify.go:325.86,326.33 1 0
github.com/telleroutlook/proofctl/cmd/proofctl/cmd_verify.go:326.33,327.29 1 0
github.com/telleroutlook/proofctl/cmd/proofctl/cmd_verify.go:327.29,329.4 1 0
github.com/telleroutlook/proofctl/cmd/proofctl/cmd_verify.go:331.2,331.36 1 0
github.com/telleroutlook/proofctl/cmd/proofctl/cmd_verify.go:335.77,337.25 2 0
github.com/telleroutlook/proofctl/cmd/proofctl/cmd_verify.go:337.25,339.3 1 0
github.com/telleroutlook/proofctl/cmd/proofctl/cmd_verify.go:340.2,341.33 2 0
github.com/telleroutlook/proofctl/cmd/proofctl/cmd_verify.go:341.33,342.37 1 0
github.com/telleroutlook/proofctl/cmd/proofctl/cmd_verify.go:342.37,344.4 1 0
github.com/telleroutlook/proofctl/cmd/proofctl/cmd_verify.go:346.2,346.12 1 0
github.com/telleroutlook/proofctl/cmd/proofctl/cmd_verify.go:352.84,355.35 3 0
github.com/telleroutlook/proofctl/cmd/proofctl/cmd_verify.go:355.35,357.3 1 0
github.com/telleroutlook/proofctl/cmd/proofctl/cmd_verify.go:358.2,359.30 2 0
github.com/telleroutlook/proofctl/cmd/proofctl/cmd_verify.go:359.30,361.3 1 0
github.com/telleroutlook/proofctl/cmd/proofctl/cmd_verify.go:362.2,363.16 2 0
github.com/telleroutlook/proofctl/cmd/proofctl/cmd_verify.go:363.16,365.3 1 0
github.com/telleroutlook/proofctl/cmd/proofctl/cmd_verify.go:366.2,366.23 1 0
github.com/telleroutlook/proofctl/cmd/proofctl/cmd_verify.go:366.23,369.3 1 0
github.com/telleroutlook/proofctl/cmd/proofctl/cmd_verify.go:370.2,370.11 1 0
github.com/telleroutlook/proofctl/cmd/proofctl/cmd_verify.go:376.41,378.16 2 0
github.com/telleroutlook/proofctl/cmd/proofctl/cmd_verify.go:378.16,380.3 1 0
github.com/telleroutlook/proofctl/cmd/proofctl/cmd_verify.go:381.2,382.16 2 0
github.com/telleroutlook/proofctl/cmd/proofctl/cmd_verify.go:382.16,385.3 2 0
github.com/telleroutlook/proofctl/cmd/proofctl/cmd_verify.go:386.2,386.10 1 0
github.com/telleroutlook/proofctl/cmd/proofctl/main.go:44.13,50.18 5 0
github.com/telleroutlook/proofctl/cmd/proofctl/main.go:50.18,53.3 2 0
github.com/telleroutlook/proofctl/cmd/proofctl/main.go:55.2,56.20 2 0
github.com/telleroutlook/proofctl/cmd/proofctl/main.go:56.20,59.3 2 0
github.com/telleroutlook/proofctl/cmd/proofctl/main.go:61.2,64.16 3 0
github.com/telleroutlook/proofctl/cmd/proofctl/main.go:65.14,66.30 1 0
github.com/telleroutlook/proofctl/cmd/proofctl/main.go:67.17,68.33 1 0
github.com/telleroutlook/proofctl/cmd/proofctl/main.go:69.15,70.31 1 0
github.com/telleroutlook/proofctl/cmd/proofctl/main.go:71.16,72.32 1 0
github.com/telleroutlook/proofctl/cmd/proofctl/main.go:73.17,74.33 1 0
github.com/telleroutlook/proofctl/cmd/proofctl/main.go:75.15,76.31 1 0
github.com/telleroutlook/proofctl/cmd/proofctl/main.go:77.18,78.34 1 0
github.com/telleroutlook/proofctl/cmd/proofctl/main.go:79.16,80.32 1 0
github.com/telleroutlook/proofctl/cmd/proofctl/main.go:81.15,82.31 1 0
github.com/telleroutlook/proofctl/cmd/proofctl/main.go:83.13,84.29 1 0
github.com/telleroutlook/proofctl/cmd/proofctl/main.go:85.13,86.29 1 0
github.com/telleroutlook/proofctl/cmd/proofctl/main.go:87.17,88.33 1 0
github.com/telleroutlook/proofctl/cmd/proofctl/main.go:89.13,90.29 1 0
github.com/telleroutlook/proofctl/cmd/proofctl/main.go:91.16,92.32 1 0
github.com/telleroutlook/proofctl/cmd/proofctl/main.go:93.17,94.33 1 0
github.com/telleroutlook/proofctl/cmd/proofctl/main.go:95.16,96.32 1 0
github.com/telleroutlook/proofctl/cmd/proofctl/main.go:97.18,98.34 1 0
github.com/telleroutlook/proofctl/cmd/proofctl/main.go:99.16,100.32 1 0
github.com/telleroutlook/proofctl/cmd/proofctl/main.go:101.13,102.29 1 0
github.com/telleroutlook/proofctl/cmd/proofctl/main.go:103.16,104.32 1 0
github.com/telleroutlook/proofctl/cmd/proofctl/main.go:105.10,108.13 3 0
github.com/telleroutlook/proofctl/cmd/proofctl/main.go:112.14,142.2 1 0
github.com/telleroutlook/proofctl/cmd/proofctl/main.go:145.42,146.13 1 0
github.com/telleroutlook/proofctl/cmd/proofctl/main.go:146.13,149.3 2 0
github.com/telleroutlook/proofctl/cmd/proofctl/main.go:149.8,151.3 1 0
github.com/telleroutlook/proofctl/cmd/proofctl/main.go:152.2,152.12 1 0
github.com/telleroutlook/proofctl/cmd/proofctl/main.go:156.107,158.16 2 0
github.com/telleroutlook/proofctl/cmd/proofctl/main.go:158.16,160.3 1 0
github.com/telleroutlook/proofctl/cmd/proofctl/main.go:162.2,163.16 2 0
github.com/telleroutlook/proofctl/cmd/proofctl/main.go:163.16,165.3 1 0
github.com/telleroutlook/proofctl/cmd/proofctl/main.go:167.2,168.16 2 0
github.com/telleroutlook/proofctl/cmd/proofctl/main.go:168.16,170.3 1 0
github.com/telleroutlook/proofctl/cmd/proofctl/main.go:172.2,174.16 3 0
github.com/telleroutlook/proofctl/cmd/proofctl/main.go:174.16,175.25 1 0
github.com/telleroutlook/proofctl/cmd/proofctl/main.go:175.25,176.15 1 0
github.com/telleroutlook/proofctl/cmd/proofctl/main.go:176.15,179.5 2 0
github.com/telleroutlook/proofctl/cmd/proofctl/main.go:179.10,181.5 1 0
github.com/telleroutlook/proofctl/cmd/proofctl/main.go:182.4,182.14 1 0
github.com/telleroutlook/proofctl/cmd/proofctl/main.go:184.3,184.81 1 0
github.com/telleroutlook/proofctl/cmd/proofctl/main.go:187.2,188.16 2 0
github.com/telleroutlook/proofctl/cmd/proofctl/main.go:188.16,190.3 1 0
github.com/telleroutlook/proofctl/cmd/proofctl/main.go:192.2,193.27 2 0
github.com/telleroutlook/proofctl/cmd/proofctl/main.go:193.27,194.51 1 0
github.com/telleroutlook/proofctl/cmd/proofctl/main.go:194.51,196.4 1 0
github.com/telleroutlook/proofctl/cmd/proofctl/main.go:198.2,198.37 1 0
github.com/telleroutlook/proofctl/cmd/proofctl/main.go:198.37,200.3 1 0
github.com/telleroutlook/proofctl/cmd/proofctl/main.go:202.2,203.35 2 0
github.com/telleroutlook/proofctl/cmd/proofctl/main.go:207.77,210.16 3 0
github.com/telleroutlook/proofctl/cmd/proofctl/main.go:210.16,211.25 1 0
github.com/telleroutlook/proofctl/cmd/proofctl/main.go:211.25,213.4 1 0
github.com/telleroutlook/proofctl/cmd/proofctl/main.go:214.3,214.93 1 0
github.com/telleroutlook/proofctl/cmd/proofctl/main.go:217.2,218.32 2 0
github.com/telleroutlook/proofctl/cmd/proofctl/main.go:218.32,219.65 1 0
github.com/telleroutlook/proofctl/cmd/proofctl/main.go:219.65,220.12 1 0
github.com/telleroutlook/proofctl/cmd/proofctl/main.go:222.3,224.17 3 0
github.com/telleroutlook/proofctl/cmd/proofctl/main.go:224.17,226.4 1 0
github.com/telleroutlook/proofctl/cmd/proofctl/main.go:227.3,229.17 3 0
github.com/telleroutlook/proofctl/cmd/proofctl/main.go:229.17,231.4 1 0
github.com/telleroutlook/proofctl/cmd/proofctl/main.go:232.3,232.34 1 0
github.com/telleroutlook/proofctl/cmd/proofctl/main.go:234.2,234.21 1 0
github.com/telleroutlook/proofctl/cmd/proofctl/main.go:238.65,240.16 2 0
github.com/telleroutlook/proofctl/cmd/proofctl/main.go:240.16,242.3 1 0
github.com/telleroutlook/proofctl/cmd/proofctl/main.go:243.2,244.51 2 0
github.com/telleroutlook/proofctl/cmd/proofctl/main.go:244.51,246.3 1 0
github.com/telleroutlook/proofctl/cmd/proofctl/main.go:247.2,247.12 1 0
github.com/telleroutlook/proofctl/cmd/proofctl/main.go:252.48,254.16 2 0
github.com/telleroutlook/proofctl/cmd/proofctl/main.go:254.16,256.3 1 0
github.com/telleroutlook/proofctl/cmd/proofctl/main.go:257.2,261.16 4 0
github.com/telleroutlook/proofctl/cmd/proofctl/main.go:261.16,263.3 1 0
github.com/telleroutlook/proofctl/cmd/proofctl/main.go:264.2,266.53 2 0
github.com/telleroutlook/proofctl/cmd/proofctl/main.go:266.53,270.3 3 0
github.com/telleroutlook/proofctl/cmd/proofctl/main.go:271.2,271.43 1 0
github.com/telleroutlook/proofctl/cmd/proofctl/main.go:271.43,275.3 3 0
github.com/telleroutlook/proofctl/cmd/proofctl/main.go:276.2,276.46 1 0
github.com/telleroutlook/proofctl/cmd/proofctl/main.go:276.46,279.3 2 0
github.com/telleroutlook/proofctl/cmd/proofctl/main.go:280.2,280.61 1 0
github.com/telleroutlook/proofctl/cmd/proofctl/main.go:280.61,283.3 2 0
github.com/telleroutlook/proofctl/cmd/proofctl/main.go:284.2,284.12 1 0
github.com/telleroutlook/proofctl/cmd/proofctl/main.go:288.45,291.27 3 0
github.com/telleroutlook/proofctl/cmd/proofctl/main.go:291.27,293.3 1 0
github.com/telleroutlook/proofctl/cmd/proofctl/main.go:295.2,296.27 2 0
github.com/telleroutlook/proofctl/cmd/proofctl/main.go:296.27,297.26 1 0
github.com/telleroutlook/proofctl/cmd/proofctl/main.go:297.26,299.4 1 0
github.com/telleroutlook/proofctl/cmd/proofctl/main.go:302.2,303.21 2 0
github.com/telleroutlook/proofctl/cmd/proofctl/main.go:303.21,307.28 4 0
github.com/telleroutlook/proofctl/cmd/proofctl/main.go:307.28,308.36 1 0
github.com/telleroutlook/proofctl/cmd/proofctl/main.go:308.36,309.20 1 0
github.com/telleroutlook/proofctl/cmd/proofctl/main.go:309.20,311.29 2 0
github.com/telleroutlook/proofctl/cmd/proofctl/main.go:311.29,313.7 1 0
github.com/telleroutlook/proofctl/cmd/proofctl/main.go:318.2,318.31 1 0
github.com/telleroutlook/proofctl/cmd/proofctl/main.go:318.31,320.3 1 0
github.com/telleroutlook/proofctl/cmd/proofctl/main.go:321.2,321.19 1 0
